"Player","Team","Positions","IP","K","W","SV","ERA","WHIP","ER","H","BB","HR","G","GS","L","CG","Own"
"Max Scherzer","WSH","SP","206.9","269","16","0","2.94","1.01","68","154","55","25","32","32","8","2","99%"
"Chris Sale","BOS","SP","186.0","249","15","0","2.68","0.97","55","141","40","19","30","30","6","0","99%"
"Jacob deGrom","NYM","SP","207.6","248","15","0","2.75","1.05","63","166","52","20","32","32","9","1","99%"
"Justin Verlander","HOU","SP","201.1","245","16","0","3.17","1.05","71","159","51","27","32","31","8","1","99%"
"Corey Kluber","CLE","SP","206.9","221","16","0","3.23","1.07","74","180","43","24","32","32","8","3","99%"
"Gerrit Cole","HOU","SP","196.2","236","14","0","3.37","1.14","74","164","60","23","32","32","8","1","99%"
"Aaron Nola","PHI","SP","195.8","210","14","0","3.24","1.14","71","168","56","21","32","32","9","0","99%"
"Blake Snell","TB","SP","182.0","215","14","0","3.20","1.19","65","144","72","19","31","31","8","0","99%"
"Trevor Bauer","CLE","SP","189.5","221","14","0","3.38","1.19","71","163","62","20","31","31","8","0","99%"
"Carlos Carrasco","CLE","SP","192.2","218","15","0","3.33","1.12","71","170","45","24","31","31","9","2","99%"
"Noah Syndergaard","NYM","SP","176.1","183","12","0","3.28","1.17","64","160","45","15","29","29","8","2","99%"
"Walker Buehler","LAD","SP","163.7","181","12","0","3.21","1.14","58","135","52","17","29","28","7","0","99%"
"Luis Severino","NYY","SP","167.3","190","13","0","3.34","1.12","62","145","43","20","29","29","7","1","99%"
"Edwin Diaz","NYM","RP","67.5","103","4","38","2.44","0.97","18","44","21","7","67","0","3","0","99%"
"James Paxton","NYY","SP","167.1","198","13","0","3.48","1.15","65","145","47","21","28","28","7","2","98%"
"Patrick Corbin","WSH","SP","185.7","200","13","0","3.47","1.21","72","171","54","21","32","31","9","1","99%"
"Stephen Strasburg","WSH","SP","161.3","185","12","0","3.47","1.17","62","141","47","20","27","27","8","0","99%"
"Zack Greinke","ARI","SP","195.4","188","13","0","3.74","1.18","81","183","49","26","31","31","11","0","99%"
"Clayton Kershaw","LAD","SP","157.6","159","12","0","3.03","1.07","53","136","32","18","25","25","6","0","94%"
"Jack Flaherty","STL","SP","168.3","189","12","0","3.52","1.19","66","140","60","21","30","30","8","0","98%"
"Jameson Taillon","PIT","SP","186.0","174","12","0","3.69","1.23","76","180","48","21","32","32","10","2","98%"
"Blake Treinen","OAK","RP","73.4","84","4","34","2.71","1.13","22","59","24","5","69","0","3","0","99%"
"Mike Clevinger","CLE","SP","179.2","191","13","0","3.72","1.24","74","156","67","22","30","30","9","1","99%"
"Kenley Jansen","LAD","RP","66.2","82","3","39","2.98","1.01","22","52","15","9","67","0","3","0","98%"
"Jose Berrios","MIN","SP","188.1","191","13","0","3.93","1.24","82","170","63","25","32","32","10","2","98%"
"Aroldis Chapman","NYY","RP","58.3","92","3","35","2.71","1.10","18","37","27","5","59","0","2","0","98%"
"Craig Kimbrel","","RP","62.1","94","3","29","2.74","1.05","19","39","27","6","64","0","2","0","94%"
"Roberto Osuna","HOU","RP","61.9","67","3","36","3.13","1.04","22","52","12","7","62","0","3","0","98%"
"David Price","BOS","SP","177.9","177","13","0","3.82","1.22","76","165","52","24","30","30","9","1","98%"
"Brad Hand","CLE","RP","69.3","93","4","37","3.14","1.14","24","54","25","8","68","0","3","0","98%"
"Zack Wheeler","NYM","SP","174.2","172","11","0","3.60","1.24","70","157","59","19","29","29","9","0","91%"
"Felipe Vazquez","PIT","RP","68.3","85","3","34","2.89","1.16","22","56","24","6","69","0","3","0","98%"
"German Marquez","COL","SP","185.7","201","12","0","3.94","1.27","81","181","55","25","32","32","10","0","86%"
"Miles Mikolas","STL","SP","190.0","150","13","0","3.63","1.19","77","189","37","22","31","31","9","1","87%"
"Madison Bumgarner","SF","SP","178.9","160","10","0","3.82","1.23","76","168","52","25","30","30","10","1","88%"
"Masahiro Tanaka","NYY","SP","163.7","165","12","0","3.84","1.18","70","155","38","24","28","28","8","1","91%"
"Charlie Morton","TB","SP","157.1","175","11","0","3.43","1.21","60","132","58","16","27","27","7","0","86%"
"Luis Castillo","CIN","SP","166.3","166","11","0","3.96","1.24","73","155","51","24","30","30","10","0","84%"
"Sean Doolittle","WSH","RP","56.1","72","3","30","2.78","0.96","17","42","12","7","56","0","2","0","86%"
"Robbie Ray","ARI","SP","162.8","209","10","0","3.77","1.30","68","135","76","21","30","30","8","0","85%"
"Kyle Hendricks","CHC","SP","185.7","156","13","0","3.78","1.21","78","178","47","22","31","31","9","0","86%"
"Chris Archer","PIT","SP","180.4","200","11","0","3.78","1.26","76","170","58","23","31","31","9","0","85%"
"Kirby Yates","SD","RP","62.8","88","3","30","3.19","1.11","22","49","21","8","66","0","3","0","89%"
"Yu Darvish","CHC","SP","135.9","154","9","0","3.83","1.24","58","119","50","18","24","24","7","0","82%"
"Raisel Iglesias","CIN","RP","69.7","80","3","31","3.45","1.19","27","58","25","9","64","0","3","0","85%"
"Mike Foltynewicz","ATL","SP","169.8","178","12","0","3.76","1.25","71","150","62","22","29","29","9","1","87%"
"Josh Hader","MIL","RP","76.0","121","4","9","2.74","1.06","23","48","32","9","65","0","3","0","89%"
"Corey Knebel","MIL","RP","63.3","96","3","24","2.99","1.16","21","45","28","7","63","0","3","0","82%"
"Jose Leclerc","TEX","RP","63.8","89","3","29","3.25","1.24","23","43","36","6","64","0","3","0","84%"
"Rich Hill","LAD","SP","140.5","155","10","0","3.53","1.16","55","116","47","19","25","25","7","0","75%"
"Nick Pivetta","PHI","SP","158.7","173","10","0","4.07","1.29","72","151","53","23","30","30","10","0","72%"
"Wade Davis","COL","RP","62.2","75","3","34","3.72","1.23","26","50","27","7","63","0","3","0","89%"
"Shane Bieber","CLE","SP","154.2","145","11","0","3.87","1.24","66","160","31","18","27","27","8","0","78%"
"Ken Giles","TOR","RP","62.9","74","3","30","3.69","1.20","26","57","18","8","64","0","3","0","83%"
"Cole Hamels","CHC","SP","178.7","172","12","0","3.90","1.27","77","164","64","22","30","30","9","1","84%"
"J.A. Happ","NYY","SP","166.9","169","12","0","3.87","1.23","72","152","52","25","29","29","8","0","85%"
"Eduardo Rodriguez","BOS","SP","145.5","158","10","0","3.96","1.27","64","134","50","20","28","27","7","0","83%"
"David Robertson","PHI","RP","65.9","89","4","23","3.03","1.10","22","48","25","7","65","0","3","0","84%"
"Cody Allen","LAA","RP","64.9","79","3","31","3.92","1.26","28","55","27","9","66","0","3","0","81%"
"Dallas Keuchel","","SP","177.6","138","12","0","3.64","1.27","72","174","51","17","30","30","9","1","83%"
"Jose Quintana","CHC","SP","176.4","168","12","0","3.94","1.29","77","167","61","22","31","31","10","0","81%"
"Rick Porcello","BOS","SP","185.0","171","13","0","4.14","1.23","85","183","45","27","31","31","10","1","85%"
"Tyler Glasnow","TB","SP,RP","136.1","158","8","0","4.00","1.32","60","116","64","18","26","26","8","0","60%"
"Nathan Eovaldi","BOS","SP","141.3","128","10","0","3.92","1.24","61","140","35","18","27","26","7","0","72%"
"Kenta Maeda","LAD","SP","134.4","146","10","0","3.68","1.21","55","120","42","17","29","23","7","0","65%"
"Andrew Heaney","LAA","SP","166.4","164","10","0","3.90","1.21","72","158","44","25","28","28","9","1","74%"
"Yusei Kikuchi","SEA","SP","155.9","149","9","0","4.00","1.29","69","144","58","21","26","26","9","0","73%"
"Jake Arrieta","PHI","SP","172.4","153","11","0","4.00","1.28","77","162","59","23","31","31","10","0","79%"
"Will Smith","SF","RP","58.9","76","3","24","3.00","1.15","20","47","21","5","60","0","3","0","76%"
"Andrew Miller","STL","RP","59.1","79","3","14","3.01","1.14","20","46","21","6","57","0","2","0","75%"
"Carlos Martinez","STL","SP","143.5","139","10","0","3.62","1.28","58","128","56","14","32","23","7","1","62%"
"Hyun-Jin Ryu","LAD","SP","117.4","116","8","0","3.59","1.21","47","110","32","16","22","22","6","0","62%"
"Tyler Skaggs","LAA","SP","140.6","138","9","0","4.01","1.31","63","137","47","17","26","26","8","0","52%"
"Jon Gray","COL","SP","163.4","168","11","0","4.14","1.31","75","163","51","21","29","29","9","0","67%"
"Jon Lester","CHC","SP","178.9","158","12","0","4.11","1.33","82","175","62","24","31","31","10","0","82%"
"Ross Stripling","LAD","SP,RP","112.8","115","8","0","3.52","1.19","44","107","27","14","34","16","6","0","63%"
"Archie Bradley","ARI","RP","66.2","72","3","22","3.56","1.24","26","59","23","7","66","0","3","0","70%"
"Joey Lucchesi","SD","SP","155.6","158","10","0","3.91","1.27","68","147","51","20","28","28","10","0","59%"
"Jose Alvarado","TB","RP","60.9","75","3","27","3.02","1.25","20","46","29","5","65","0","3","0","73%"
"Alex Wood","CIN","SP","148.5","136","10","0","3.89","1.27","64","144","44","18","27","26","8","0","58%"
"Arodys Vizcaino","ATL","RP","58.7","65","3","26","3.56","1.26","23","50","24","6","57","0","3","0","72%"
"Kyle Freeland","COL","SP","186.2","151","12","0","4.23","1.39","87","192","67","24","32","31","11","0","77%"
"Dellin Betances","NYY","RP","65.5","104","4","3","2.75","1.11","20","43","29","6","66","0","3","0","64%"
"Jordan Hicks","STL","RP","67.4","64","3","21","3.69","1.40","28","58","36","4","64","0","3","0","60%"
"Kevin Gausman","ATL","SP","177.2","158","11","0","4.16","1.31","82","179","55","23","30","30","10","0","70%"
"Alex Reyes","STL","SP","89.3","95","5","0","3.84","1.33","38","78","41","11","19","17","5","0","43%"
"Joe Musgrove","PIT","SP","152.0","132","10","0","4.00","1.26","68","155","36","20","28","27","10","0","33%"
"Mychal Givens","BAL","RP","68.7","75","3","24","3.72","1.23","28","58","27","8","67","0","3","0","48%"
"Sean Newcomb","ATL","SP","162.5","164","11","0","4.11","1.39","74","147","79","20","30","30","10","0","68%"
"Zack Godley","ARI","SP","172.4","171","11","0","4.10","1.37","79","166","71","19","30","30","11","0","54%"
"Collin McHugh","HOU","RP,SP","140.6","146","10","0","3.91","1.24","61","132","42","18","28","24","7","0","53%"
"Alex Colome","CWS","RP","63.8","65","3","15","3.54","1.23","25","58","21","7","63","0","3","0","45%"
"Brandon Morrow","CHC","RP","44.1","46","2","21","3.31","1.22","16","40","14","5","42","0","2","0","47%"
"Jimmy Nelson","MIL","SP","125.2","122","8","0","3.99","1.32","56","121","44","15","21","21","7","1","13%"
"Steven Matz","NYM","SP","152.2","144","9","0","3.92","1.28","66","142","53","20","28","28","9","0","28%"
"Seranthony Dominguez","PHI","SP,RP","66.4","84","4","11","3.19","1.16","24","49","28","7","63","0","3","0","40%"
"A.J. Minter","ATL","RP","59.2","69","3","9","3.43","1.25","23","52","22","6","64","0","3","0","47%"
"Luke Weaver","ARI","SP","138.3","131","8","0","4.34","1.37","67","141","48","18","25","24","9","0","18%"
"Pedro Strop","CHC","RP","60.1","62","3","12","3.29","1.20","22","49","23","6","63","0","3","0","53%"
"Josh James","HOU","SP","102.5","117","7","0","3.93","1.30","45","90","43","13","25","19","5","0","25%"
"Shohei Ohtani","LAA","SP,DH","26.1","31","2","0","5.69","1.74","17","34","12","5","8","8","3","0","71%"
"Trevor May","MIN","SP,RP","59.4","72","3","16","3.88","1.25","26","54","20","8","58","0","3","0","40%"
"Jesus Luzardo","OAK","SP","116.6","107","8","0","3.87","1.27","50","109","39","14","20","20","6","0","27%"
"Shane Greene","DET","RP","65.3","67","3","27","4.25","1.34","31","64","23","8","64","0","3","0","49%"
"Michael Fulmer","DET","SP","162.3","136","9","0","4.20","1.29","76","160","50","21","29","29","10","1","18%"
"Sonny Gray","CIN","SP","148.3","140","10","0","4.16","1.37","69","146","57","18","28","28","9","0","22%"
"Kelvin Herrera","CWS","RP","59.3","58","3","13","3.83","1.24","25","57","17","8","59","0","3","0","28%"
"Drew Steckenrider","MIA","RP","63.5","76","3","18","3.57","1.29","25","54","28","7","66","0","3","0","18%"
"Marco Gonzales","SEA","SP","167.2","143","11","0","3.94","1.27","73","171","41","22","30","30","10","1","54%"
"Carlos Rodon","CWS","SP","158.5","144","9","0","4.34","1.36","76","148","68","21","27","27","10","0","38%"
"Kyle Gibson","MIN","SP","186.7","163","12","0","4.21","1.39","87","188","72","23","31","31","11","0","30%"
"Dylan Bundy","BAL","SP","174.0","173","9","0","4.63","1.32","90","174","55","32","30","30","13","1","27%"
"Chris Paddack","SD","SP","104.6","104","7","0","3.56","1.18","41","97","26","13","19","19","6","0","22%"
"Matt Barnes","BOS","RP","63.3","86","3","17","3.45","1.27","24","51","29","7","65","0","3","0","49%"
"Adam Ottavino","NYY","RP","65.3","88","4","3","3.46","1.23","25","48","32","8","66","0","3","0","28%"
"Julio Urias","LAD","SP","75.6","75","5","0","3.77","1.32","32","68","32","9","19","12","4","0","16%"
"Mike Soroka","ATL","SP","77.3","66","5","0","4.10","1.35","35","81","23","8","13","13","5","0","5%"
"Marcus Stroman","TOR","SP","167.5","131","10","0","4.08","1.36","76","173","54","17","29","29","10","1","23%"
"Matt Strahm","SD","SP,RP","94.5","105","5","1","3.79","1.26","40","84","36","12","41","11","5","0","26%"
"Matthew Boyd","DET","SP","167.1","152","9","0","4.48","1.30","83","163","54","26","30","30","12","1","12%"
"Michael Wacha","STL","SP","132.0","116","9","0","4.12","1.36","60","130","49","16","24","24","7","1","29%"
"Brad Peacock","HOU","RP,SP","98.5","119","6","0","3.77","1.25","41","87","36","13","46","12","4","0","16%"
"Forrest Whitley","HOU","SP","64.1","68","4","0","4.07","1.29","29","56","27","8","13","12","4","0","13%"
"Julio Teheran","ATL","SP","170.7","152","10","0","4.43","1.32","84","156","70","26","29","29","10","0","48%"
"Jeremy Jeffress","MIL","RP","63.4","67","4","5","3.29","1.27","23","56","24","6","66","0","3","0","33%"
"Jeurys Familia","NYM","RP","64.1","72","4","4","3.26","1.24","23","54","26","4","65","0","3","0","29%"
"Blake Parker","MIN","RP","61.7","67","3","13","3.85","1.22","26","56","20","9","63","0","3","0","7%"
"Michael Pineda","MIN","SP","123.5","120","8","0","4.22","1.30","58","127","33","16","21","21","7","0","6%"
"Chase Anderson","MIL","SP","151.3","130","9","0","4.37","1.30","74","144","53","25","27","27","9","0","13%"
"Danny Duffy","KC","SP","165.3","150","9","0","4.24","1.34","78","162","60","23","29","29","11","0","3%"
"Anibal Sanchez","WSH","SP","138.8","134","8","0","4.23","1.29","65","135","44","21","26","25","8","0","14%"
"Mike Minor","TEX","SP","161.1","143","10","0","4.37","1.25","78","155","47","26","28","28","10","0","13%"
"Vince Velasquez","PHI","SP","136.2","146","9","0","4.20","1.33","64","128","53","20","26","26","8","0","5%"
"Freddy Peralta","MIL","SP","83.5","101","6","0","4.00","1.28","37","64","43","12","18","17","5","0","12%"
"Brad Boxberger","KC","RP","56.3","68","3","22","4.36","1.41","27","49","30","8","59","0","3","0","26%"
"Jhoulys Chacin","MIL","SP","181.1","150","11","0","4.18","1.33","84","172","69","24","32","32","10","0","49%"
"Hunter Strickland","SEA","RP","52.2","47","2","19","4.10","1.38","24","50","22","6","52","0","3","0","21%"
"Reynaldo Lopez","CWS","SP","168.7","142","8","0","4.59","1.37","86","165","67","27","30","30","11","0","20%"
"Jake Junis","KC","SP","176.7","159","10","0","4.35","1.27","85","179","46","28","30","30","12","1","16%"
"Dereck Rodriguez","SF","SP","145.3","112","8","0","4.18","1.32","67","145","47","19","26","26","9","0","22%"
"Zack Britton","NYY","RP","56.7","52","3","3","3.12","1.29","20","49","24","4","56","0","2","0","25%"
"Ryan Brasier","BOS","RP","60.2","56","3","17","3.66","1.20","24","54","18","8","63","0","3","0","20%"
"Tanner Roark","CIN","SP","160.7","138","10","0","4.36","1.32","78","159","53","22","27","26","10","0","11%"
"Jeff Samardzija","SF","SP","144.1","119","7","0","4.33","1.30","69","144","44","21","25","25","10","1","2%"
"Chad Green","NYY","RP","67.9","86","4","0","3.09","1.09","23","55","19","8","57","0","2","0","24%"
"Trevor Williams","PIT","SP","155.2","117","10","0","4.16","1.35","72","156","53","19","28","28","10","1","25%"
"Derek Holland","SF","SP","143.8","128","7","0","4.40","1.41","70","144","59","20","28","27","10","0","4%"
"Mark Melancon","SF","RP","54.2","46","2","6","3.53","1.33","21","56","16","4","54","0","3","0","4%"
"Joe Jimenez","DET","RP","62.4","74","3","4","3.95","1.26","27","56","23","7","67","0","3","0","6%"
"Brandon Woodruff","MIL","SP,RP","113.6","107","7","0","4.27","1.35","54","110","43","16","25","21","6","0","5%"
"Trevor Richards","MIA","SP","130.0","124","7","0","4.05","1.33","58","125","47","17","25","24","9","0","3%"
"Zach Eflin","PHI","SP,RP","138.2","123","9","0","4.43","1.31","68","142","39","21","26","26","9","0","19%"
"Johnny Cueto","SF","SP","36.4","30","2","0","5.27","1.59","21","48","10","9","12","12","3","0","6%"
"Touki Toussaint","ATL","SP","109.6","108","7","0","4.15","1.37","51","100","50","12","19","19","7","0","8%"
"Ryan Pressly","HOU","RP","65.4","82","3","2","3.22","1.16","23","55","21","8","67","0","2","0","8%"
"Anthony Swarzak","SEA","RP","56.0","62","2","10","4.01","1.29","25","52","20","8","53","0","3","0","1%"
"Jake Odorizzi","MIN","SP","160.4","150","10","0","4.52","1.35","81","153","64","25","30","30","10","0","4%"
"Trevor Cahill","LAA","SP","118.7","109","7","0","4.20","1.38","55","115","49","14","22","22","7","0","3%"
"Corbin Burnes","MIL","RP","95.9","88","6","0","4.44","1.37","47","97","35","13","25","16","6","0","6%"
"Tyler Anderson","COL","SP","157.0","145","9","0","4.47","1.34","78","158","53","25","29","28","9","0","3%"
"Seth Lugo","NYM","SP,RP","81.4","79","4","1","3.59","1.19","33","74","23","11","51","2","4","0","8%"
"Caleb Smith","MIA","SP","110.9","115","6","0","4.17","1.33","51","102","46","15","25","20","9","0","2%"
"Keone Kela","PIT","RP","57.6","74","3","2","3.21","1.15","21","44","22","5","59","0","3","0","10%"
"Brad Keller","KC","SP,RP","156.2","112","9","0","4.12","1.40","71","161","57","16","30","27","9","2","10%"
"Mike Fiers","OAK","SP","158.2","133","9","0","4.38","1.29","77","157","46","25","28","28","9","0","14%"
"Gio Gonzalez","","SP","121.3","107","7","0","4.23","1.38","57","116","52","16","23","22","7","0","9%"
"Diego Castillo","TB","RP","61.6","72","3","3","3.29","1.14","23","49","21","6","56","3","3","0","3%"
"Dinelson Lamet","SD","SP","52.6","59","3","0","3.98","1.28","23","44","23","7","12","10","3","0","2%"
"Greg Holland","ARI","RP","52.5","56","2","8","4.28","1.47","25","47","30","6","57","0","3","0","4%"
"Hector Neris","PHI","RP","55.0","75","3","2","3.76","1.23","23","47","20","8","54","0","3","0","2%"
"Lucas Giolito","CWS","SP","151.3","117","8","0","5.05","1.46","85","149","72","23","27","27","11","0","4%"
"Domingo German","NYY","SP,RP","58.6","65","3","0","4.38","1.31","28","55","22","9","17","9","3","0","2%"
"Merrill Kelly","ARI","SP","122.9","106","7","0","4.77","1.48","65","139","43","16","30","22","9","0","1%"
"Jose Urena","MIA","SP","164.1","124","9","0","4.24","1.32","77","161","56","21","29","29","11","1","4%"
"CC Sabathia","NYY","SP","133.3","116","9","0","4.14","1.32","61","131","45","18","24","24","7","0","9%"
"Mike Leake","SEA","SP","181.3","120","10","0","4.32","1.31","87","200","38","24","31","31","11","0","3%"
"Anthony DeSclafani","CIN","SP","136.3","126","8","0","4.54","1.32","69","141","38","24","25","25","9","0","5%"
"Pablo Lopez","MIA","SP,RP","70.2","55","4","0","4.05","1.29","32","71","20","8","13","13","5","0","1%"
"Danny Salazar","CLE","SP","63.6","75","4","0","3.76","1.27","27","56","25","9","29","8","3","0","2%"
"Drew Pomeranz","SF","SP","101.3","92","5","0","4.32","1.43","49","99","45","12","22","16","7","0","2%"
"Ryan Yarbrough","TB","SP,RP","133.9","113","8","0","4.29","1.32","64","133","44","18","30","14","8","0","11%"
"Yoshihisa Hirano","ARI","RP","60.4","56","3","3","3.72","1.28","25","55","23","7","63","0","3","0","6%"
"Sergio Romo","MIA","SP,RP","60.3","66","3","7","3.84","1.22","26","55","19","8","62","0","3","0","14%"
"Chris Devenski","HOU","RP","59.6","67","4","1","3.53","1.11","23","49","17","8","56","0","3","0","3%"
"Lance Lynn","TEX","SP","152.0","140","9","0","4.46","1.43","75","149","68","20","27","27","10","0","4%"
"Ty Buttrey","LAA","RP","60.9","67","3","5","3.76","1.32","25","55","25","7","59","0","3","0","2%"
"Wily Peralta","KC","RP","61.2","56","2","10","4.69","1.52","32","62","31","8","51","2","3","0","8%"
"Brent Honeywell","TB","SP","63.2","61","4","0","3.98","1.27","28","61","19","8","13","10","4","0","4%"
"Aaron Sanchez","TOR","SP","130.6","107","7","0","4.50","1.47","65","131","60","15","24","24","8","0","8%"
"Sandy Alcantara","MIA","SP","86.9","70","4","0","4.54","1.45","44","84","43","11","17","16","6","0","3%"
"Clay Buchholz","TOR","SP","105.1","83","6","0","4.12","1.29","48","104","31","15","17","16","6","2","6%"
"Yonny Chirinos","TB","SP,RP","111.1","92","6","0","4.14","1.29","51","114","29","17","28","15","7","0","2%"
"Luiz Gohara","ATL","RP, SP","31.6","31","2","0","4.22","1.35","15","31","12","5","8","6","2","0","1%"
"Alex Cobb","BAL","SP","163.4","114","8","0","4.61","1.38","84","180","46","24","29","29","12","1","1%"
"Nick Kingham","PIT","SP","93.2","78","5","0","4.72","1.35","49","96","30","16","30","15","7","0","1%"
"Robbie Erlin","SD","SP,RP","106.7","85","6","0","4.13","1.24","49","111","21","14","21","18","7","0","1%"
"Taylor Rogers","MIN","RP","60.8","65","3","3","3.34","1.19","23","54","18","6","63","0","2","0","4%"
"Craig Stammen","SD","RP","75.3","79","4","2","3.41","1.19","29","68","22","8","70","0","3","0","3%"
"Taijuan Walker","ARI","SP","59.6","53","3","0","4.28","1.34","28","59","21","10","12","12","4","0","2%"
"Jake Faria","TB","SP","62.3","55","3","0","4.60","1.39","32","58","28","10","13","12","4","0","1%"
"Matt Harvey","LAA","SP","141.4","113","8","0","4.63","1.35","73","149","42","22","26","26","9","0","5%"
"Jordan Montgomery","NYY","SP","33.8","30","2","0","4.94","1.48","19","38","12","7","7","7","2","0","1%"
"Ivan Nova","CWS","SP","158.8","116","9","0","4.58","1.31","81","170","38","26","27","27","11","1","2%"
"Carl Edwards Jr.","CHC","RP","56.4","75","3","2","3.46","1.31","22","40","34","6","60","0","3","0","6%"
"Wade LeBlanc","SEA","SP,RP","141.6","112","8","0","4.37","1.27","69","142","39","22","25","24","9","0","5%"
"Framber Valdez","HOU","SP","65.0","61","5","0","4.21","1.40","30","59","32","7","16","10","4","0","1%"
"Wei-Yin Chen","MIA","SP","133.3","110","7","0","4.31","1.32","64","133","44","20","25","25","10","0","1%"
"Martin Perez","MIN","SP,RP","115.0","76","7","0","4.70","1.49","60","130","41","14","24","20","7","0","1%"
"Trevor Rosenthal","WSH","RP","53.1","75","3","5","3.33","1.30","20","44","25","5","53","0","3","0","3%"
"Sean Manaea","OAK","SP","36.0","27","2","0","4.58","1.38","18","40","10","7","8","8","3","0","7%"
"Kyle Wright","ATL","SP","52.4","44","4","0","4.35","1.44","25","52","23","5","16","9","4","0","3%"
"Matt Shoemaker","TOR","SP","116.5","108","7","0","4.44","1.31","57","116","37","18","21","21","8","0","1%"
"Andrew Suarez","SF","SP","117.9","95","6","0","4.15","1.31","54","119","36","16","24","23","8","0","1%"
"Jonathan Loaisiga","NYY","SP","63.7","70","5","0","4.20","1.32","30","62","22","9","19","9","3","0","3%"
"Jalen Beeks","TB","RP","74.9","70","4","0","4.51","1.39","38","73","31","13","18","12","5","0","0%"
"Daniel Mengden","OAK","SP","109.4","76","7","0","4.57","1.31","56","113","31","17","22","21","7","2","2%"
"Jaime Barria","LAA","SP","123.8","97","8","0","4.45","1.34","61","123","43","20","24","24","8","0","3%"
"Felix Hernandez","SEA","SP","130.2","105","7","0","4.64","1.37","67","131","47","18","23","22","9","0","4%"
"Max Fried","ATL","SP,RP","48.0","50","3","0","4.00","1.44","21","44","25","6","23","6","3","0","1%"
"Justus Sheffield","SEA","SP,RP","85.9","76","5","0","4.42","1.43","42","84","38","11","18","16","5","0","5%"
"Steve Cishek","CHC","RP","58.0","63","3","2","3.33","1.20","21","47","23","6","63","0","3","0","8%"
"Jerad Eickhoff","PHI","SP","46.0","44","2","0","4.68","1.40","24","49","15","10","15","9","3","0","0%"
"Lou Trivino","OAK","RP","68.1","73","4","2","3.47","1.27","26","58","29","6","66","0","3","0","5%"
"Matt Festa","SEA","RP","35.1","34","2","0","4.13","1.40","16","37","12","5","33","0","2","0","0%"
"Jason Vargas","NYM","SP","113.7","99","7","0","4.46","1.33","56","114","37","19","21","21","8","1","1%"
"Will Harris","HOU","RP","57.1","62","3","1","3.33","1.14","21","50","15","6","60","0","2","0","1%"
"Jeremy Hellickson","WSH","SP","112.9","83","7","0","4.60","1.31","58","116","31","18","20","20","7","0","2%"
"Nate Jones","CWS","RP","50.3","56","3","7","3.76","1.30","21","45","20","6","48","0","2","0","1%"
"Joakim Soria","OAK","RP","59.8","68","3","4","3.46","1.21","23","53","20","5","62","0","3","0","3%"
"Stephen Gonsalves","MIN","SP","58.0","50","4","0","4.77","1.53","31","57","32","7","14","10","4","0","0%"
"Bryse Wilson","ATL","SP","40.3","38","3","0","4.20","1.37","19","40","15","5","19","6","3","0","1%"
"Fernando Romero","MIN","SP,RP","66.7","53","3","1","4.35","1.40","32","69","24","8","36","7","4","0","1%"
"Joe Kelly","LAD","RP","62.9","67","3","2","3.58","1.32","25","55","28","6","65","0","3","0","3%"
"Alex Claudio","MIL","RP","60.3","41","3","1","3.47","1.28","23","64","13","5","54","0","3","0","0%"
"Dan Straily","MIA","SP","149.3","129","7","0","4.57","1.35","76","145","57","27","28","28","11","0","1%"
"Dakota Hudson","STL","RP","72.3","54","4","0","4.11","1.47","33","74","32","6","44","7","4","0","3%"
"Logan Allen","SD","SP","78.7","73","5","0","4.36","1.39","38","76","34","12","15","15","5","0","1%"
"Marco Estrada","OAK","SP","122.7","97","7","0","4.75","1.35","65","121","44","22","22","22","8","0","1%"
"Addison Reed","MIN","RP","61.2","54","3","2","4.27","1.29","29","63","16","9","61","0","3","0","1%"
"Jared Hughes","CIN","RP","67.4","53","3","2","3.60","1.30","27","64","24","6","67","0","3","0","2%"
"Tony Watson","SF","RP","62.2","61","3","3","3.34","1.18","23","56","17","6","66","0","3","0","5%"
"Tyler Mahle","CIN","SP","78.2","70","4","0","4.77","1.45","41","82","32","15","18","15","6","0","1%"
"Jace Fry","CWS","RP","54.0","67","3","1","3.87","1.29","23","46","24","5","60","0","2","0","1%"
"Seunghwan Oh","COL","RP","61.9","67","3","3","3.98","1.23","27","58","18","10","64","0","3","0","3%"
"Ryne Stanek","TB","SP,RP","54.5","69","2","2","3.54","1.27","21","44","25","7","47","9","2","0","2%"
"Dan Winkler","ATL","RP","51.9","59","3","0","3.63","1.26","21","46","19","5","55","0","2","0","1%"
"Keynan Middleton","LAA","RP","21.8","22","1","0","4.03","1.37","10","21","9","3","21","0","1","0","0%"
"Eric Lauer","SD","SP","124.7","111","7","0","4.57","1.47","63","134","49","19","25","25","8","0","1%"
"Zach Davies","MIL","SP","140.8","106","9","0","4.42","1.38","69","150","44","19","26","26","9","0","1%"
"Yusmeiro Petit","OAK","RP","74.6","67","4","1","3.82","1.15","32","69","17","11","60","0","4","0","2%"
"A.J. Puk","OAK","SP","53.8","56","3","0","4.20","1.37","25","49","25","6","13","10","3","0","2%"
"Carson Fulmer","CWS","SP","52.1","43","3","0","5.78","1.67","33","55","32","10","20","7","4","0","0%"
"David Hernandez","CIN","RP","63.2","65","3","1","3.73","1.21","26","58","19","9","61","0","3","0","1%"
"Cionel Perez","HOU","RP","44.9","45","3","0","4.16","1.42","21","44","20","6","32","2","2","0","0%"
"Wade Miley","HOU","SP","112.4","90","7","0","4.34","1.41","54","116","43","15","21","21","6","0","4%"
"Carson Smith","BOS","RP","15.6","17","1","0","3.47","1.28","6","14","6","2","17","0","0","0","0%"
"Brad Brach","CHC","RP","53.1","54","3","2","3.86","1.37","23","50","23","6","56","0","3","0","2%"
"Jonathan Holder","NYY","RP","53.6","53","3","1","3.71","1.22","22","50","16","7","51","0","2","0","1%"
"Trevor Hildenberger","MIN","RP","62.2","60","3","5","4.02","1.28","28","61","19","7","61","0","3","0","1%"
"Jesse Chavez","TEX","RP","85.3","80","3","2","4.14","1.27","39","84","23","13","64","0","4","0","1%"
"John Brebbia","STL","RP","55.2","62","3","1","3.58","1.18","22","49","16","8","52","0","2","0","1%"
"Ryan Tepera","TOR","RP","64.9","69","3","4","3.98","1.28","29","57","26","8","64","0","3","0","1%"
"Daniel Norris","DET","SP","97.2","92","5","0","4.89","1.48","53","103","41","15","21","20","7","0","0%"
"Adam Wainwright","STL","SP","108.3","92","7","0","4.28","1.40","52","113","39","14","25","18","7","0","3%"
"Jose Castillo","SD","RP","39.9","50","2","1","3.54","1.22","16","33","16","4","43","0","2","0","1%"
"Hector Rondon","HOU","RP","58.1","66","3","2","3.56","1.23","23","53","19","7","59","0","3","0","2%"
"Kyle Barraclough","WSH","RP","57.6","66","3","3","4.00","1.41","26","47","34","6","59","0","3","0","1%"
"Drew Smyly","TEX","SP","118.9","108","6","0","4.77","1.36","63","122","40","21","21","21","8","0","1%"
"Cody Reed","CIN","RP","50.3","48","3","0","4.69","1.47","26","51","23","9","15","9","3","0","0%"
"Chris Stratton","SF","SP","81.2","65","4","0","4.41","1.42","40","84","31","10","31","10","6","0","1%"
"Kyle Crick","PIT","RP","55.6","58","3","1","3.74","1.37","23","48","28","6","58","0","2","0","1%"
"Caleb Ferguson","LAD","SP,RP","67.4","74","5","1","3.54","1.24","26","60","24","8","39","5","3","0","1%"
"Fernando Rodney","OAK","RP","51.8","55","3","1","3.82","1.37","22","46","25","5","51","0","2","0","5%"
"Chaz Roe","TB","RP","48.5","54","2","2","3.57","1.20","19","40","18","6","53","0","2","0","2%"
"Luke Gregerson","STL","RP","41.4","43","2","1","4.09","1.30","19","40","14","5","44","0","2","0","0%"
"Amir Garrett","CIN","RP","63.4","68","2","1","4.40","1.37","31","58","28","9","59","0","3","0","1%"
"Ervin Santana","CWS","SP","93.6","70","5","0","4.74","1.32","49","94","30","17","17","17","7","2","2%"
"Joe Ross","WSH","SP","71.2","59","4","0","4.30","1.30","34","71","21","10","13","13","4","0","1%"
"Tyler Thornburg","BOS","RP","49.2","48","3","2","4.89","1.43","27","49","21","8","51","0","2","0","0%"
"Reyes Moronta","SF","RP","53.0","67","3","1","3.43","1.30","20","39","30","5","56","0","3","0","1%"
"Phil Maton","SD","RP","46.6","53","2","1","4.07","1.38","21","45","20","5","44","0","2","0","0%"
"Antonio Senzatela","COL","SP,RP","143.9","114","9","0","4.55","1.40","73","151","51","20","28","26","9","0","1%"
"Ryan Madson","","RP","50.1","50","3","2","3.52","1.19","20","45","14","5","50","0","3","0","0%"
"Ray Black","SF","RP","38.0","56","2","1","4.05","1.23","17","27","20","4","43","0","2","0","0%"
"Adalberto Mejia","MIN","SP","87.2","71","5","0","4.07","1.40","39","87","35","9","26","10","4","0","0%"
"Nick Tropeano","LAA","SP","73.9","65","4","0","4.66","1.36","38","70","30","11","11","11","5","0","0%"
"Junior Guerra","MIL","SP,RP","70.2","67","3","0","4.17","1.34","33","65","29","11","43","5","4","0","1%"
"Juan Nicasio","PHI","RP","47.8","56","2","1","3.89","1.23","21","46","13","6","43","0","2","0","0%"
"Adam Conley","MIA","RP","64.8","57","3","5","4.25","1.35","31","61","26","8","60","0","4","0","1%"
"Felix Pena","LAA","SP","78.7","73","4","0","4.60","1.36","40","78","29","13","16","15","5","0","0%"
"Justin Miller","WSH","RP","52.2","58","3","1","4.15","1.28","24","48","18","8","53","0","3","0","1%"
"Cam Bedrosian","LAA","RP","56.0","55","3","1","3.90","1.35","24","53","22","6","59","0","3","0","0%"
"Matt Andriese","ARI","SP,RP","84.0","77","4","0","4.49","1.33","42","86","26","13","28","10","5","0","0%"
"Tyson Ross","DET","SP","124.6","97","6","0","4.83","1.45","67","127","53","15","22","21","9","0","1%"
"Michael Lorenzen","CIN","RP","74.6","59","3","1","4.10","1.40","34","74","30","8","53","1","3","0","1%"
"Tayron Guerrero","MIA","RP","59.5","66","2","1","4.48","1.50","30","57","32","7","57","0","3","0","0%"
"Justin Anderson","LAA","RP","58.3","64","3","1","4.16","1.50","27","52","35","7","56","0","3","0","0%"
"Jordan Lyles","PIT","SP,RP","88.3","75","4","0","4.34","1.36","43","90","30","11","36","8","5","0","0%"
"Tommy Kahnle","NYY","RP","43.5","55","2","1","4.02","1.38","19","39","21","5","46","0","2","0","0%"
"Robert Gsellman","NYM","RP","69.3","59","4","1","3.98","1.31","31","67","24","7","56","0","3","0","1%"
"Nate Karns","BAL","SP","76.2","76","4","0","4.49","1.34","38","73","29","13","14","14","5","0","0%"
"Dan Altavilla","SEA","RP","34.0","38","2","1","4.06","1.39","15","29","18","4","30","0","2","0","0%"
"Thomas Pannone","TOR","SP,RP","51.4","41","3","0","5.19","1.43","30","55","18","11","15","8","4","0","0%"
"Matt Moore","DET","SP,RP","103.4","85","5","0","5.24","1.50","60","117","38","17","23","16","8","0","0%"
"Pedro Baez","LAD","RP","56.8","62","3","1","3.62","1.25","23","49","22","7","56","0","3","0","1%"
"Dylan Floro","LAD","SP,RP","55.3","46","3","0","3.79","1.37","23","58","18","6","48","0","3","0","0%"
"Sean Reid-Foley","TOR","SP","80.4","82","5","0","4.51","1.41","40","76","37","13","17","17","6","0","0%"
"Mitch Keller","PIT","SP","82.5","69","4","0","4.55","1.42","42","83","34","12","15","15","5","0","3%"
"Wilmer Font","TB","SP,RP","46.0","45","2","0","4.69","1.35","24","46","16","8","32","3","3","0","0%"
"Steven Wright","BOS","SP,RP","51.2","40","3","0","4.27","1.38","24","50","20","8","29","3","2","0","1%"
"Dylan Cease","CWS","SP","42.3","43","2","0","4.42","1.45","21","39","22","6","8","8","3","0","2%"
"Tyler Chatwood","CHC","SP","62.3","52","4","0","4.79","1.61","33","60","41","7","31","6","4","0","0%"
"Mike Montgomery","CHC","SP,RP","76.3","59","4","0","3.92","1.34","33","75","28","8","51","3","4","0","1%"
"Adam Cimber","CLE","RP","60.7","48","3","2","3.93","1.29","27","62","16","8","62","0","4","0","1%"
"John Gant","STL","SP,RP","74.0","63","4","0","4.10","1.39","34","70","33","9","31","7","4","0","1%"
"Pat Neshek","PHI","RP","48.3","45","3","1","3.52","1.15","19","45","11","7","52","0","2","0","3%"
"Jordan Zimmermann","DET","SP","146.3","111","7","0","4.92","1.36","80","162","37","26","26","26","10","0","1%"
"Jharel Cotton","OAK","SP","52.8","46","3","0","5.10","1.46","30","58","19","11","13","12","3","0","0%"
"Ryan Borucki","TOR","SP,RP","106.5","77","6","0","4.29","1.36","51","107","38","15","20","20","7","0","2%"
"Alex Wilson","DET","RP","40.9","29","2","1","3.66","1.14","17","36","10","5","35","0","2","0","0%"
"Bud Norris","TOR","RP","49.4","55","2","1","4.10","1.33","23","46","20","7","49","0","3","0","4%"
"Jon Duplantier","ARI","SP","41.0","39","2","0","4.27","1.45","19","40","20","6","9","9","2","0","1%"
"Edinson Volquez","TEX","SP","109.7","86","6","0","4.96","1.50","60","115","50","14","18","18","8","2","0%"
"Brandon Finnegan","CIN","SP","27.5","23","1","0","5.36","1.59","16","28","15","5","17","3","2","0","0%"
"Darren O'Day","ATL","RP","46.8","58","2","1","3.51","1.15","18","38","16","6","47","0","2","0","0%"
"Ian Kennedy","KC","SP","134.2","118","6","0","4.74","1.35","71","134","47","24","28","23","10","0","0%"
"Tyler Clippard","CLE","RP","37.6","45","2","3","4.12","1.24","17","32","15","8","44","0","2","0","1%"
"Tommy Hunter","PHI","RP","57.5","52","3","1","3.82","1.24","24","56","15","7","58","0","3","0","1%"
"Emilio Pagan","TB","RP","51.9","56","2","1","4.04","1.22","23","46","17","8","43","0","2","0","0%"
"Justin Wilson","NYM","RP","47.9","62","3","1","3.45","1.32","18","38","25","5","53","0","3","0","1%"
"Clayton Richard","TOR","SP","139.9","98","7","0","4.74","1.48","74","157","51","18","23","23","9","1","0%"
"Erik Swanson","SEA","SP","58.0","54","3","0","4.39","1.30","28","57","19","10","17","9","4","0","0%"
"Scott Alexander","LAD","RP","57.2","51","3","1","3.36","1.32","21","52","23","4","56","0","2","0","1%"
"Ryan Buchter","OAK","RP","47.2","50","3","1","3.71","1.24","19","39","20","6","54","0","2","0","1%"
"Dennis Santana","LAD","SP,RP","43.2","45","3","0","4.23","1.39","20","41","19","5","9","7","2","0","0%"
"Shawn Armstrong","SEA","RP","51.5","57","2","4","3.73","1.32","21","45","23","6","56","0","2","0","0%"
"Brett Kennedy","SD","SP","57.2","49","3","0","4.10","1.34","26","56","21","8","29","7","3","0","0%"
"Bartolo Colon","","SP","88.7","52","5","0","5.23","1.41","52","107","19","19","18","18","6","1","0%"
"Nick Goody","CLE","RP","31.7","37","1","0","4.21","1.27","15","28","12","7","31","0","1","0","0%"
"Bryan Mitchell","SD","SP,RP","89.8","62","4","0","4.72","1.51","47","97","39","10","26","11","6","0","0%"
"Dylan Covey","CWS","SP,RP","90.2","66","5","0","4.83","1.48","48","94","39","13","21","16","7","0","0%"
"Trey Wingenter","SD","RP","50.7","64","2","1","4.12","1.38","23","41","29","6","54","0","2","0","0%"
"Erasmo Ramirez","SEA","SP","37.5","28","2","0","4.61","1.29","19","39","9","7","21","3","2","0","0%"
"Travis Bergen","SF","P","28.2","29","2","0","3.91","1.31","12","26","11","4","32","0","2","0","0%"
"Triston McKenzie","CLE","SP","52.7","47","4","0","5.04","1.46","30","56","22","9","11","11","4","0","2%"
"Andrew Cashner","BAL","SP","156.7","101","7","0","5.16","1.52","90","175","63","25","28","28","12","0","0%"
"Chris Bassitt","OAK","SP","75.8","63","5","0","4.44","1.40","37","76","29","9","24","14","5","0","0%"
"Robert Stephenson","CIN","SP","50.3","55","3","0","4.87","1.54","27","48","30","11","36","5","3","0","0%"
"Sam Dyson","SF","RP","62.8","50","3","2","3.72","1.32","26","60","23","5","62","0","4","0","1%"
"Andrew Triggs","OAK","SP","37.4","33","2","0","4.28","1.30","18","36","12","5","7","7","2","0","0%"
"Adam Plutko","CLE","SP,RP","51.3","43","3","0","4.97","1.34","28","53","16","9","24","6","3","0","0%"
"Paul Fry","BAL","RP","59.1","60","2","1","3.96","1.40","26","56","27","7","57","0","3","0","0%"
"Ty Blach","SF","SP,RP","61.4","37","3","0","4.32","1.39","29","66","19","7","28","6","4","0","0%"
"Daniel Ponce de Leon","STL","SP,RP","43.0","39","2","0","4.22","1.41","20","40","21","6","11","9","2","0","1%"
"Francisco Liriano","PIT","SP","55.1","51","3","1","4.60","1.49","28","54","28","7","30","6","4","0","0%"
"Blaine Hardy","DET","SP,RP","57.6","49","3","0","3.84","1.25","25","55","17","8","38","3","2","0","0%"
"Jeff Hoffman","COL","SP,RP","43.6","36","2","0","5.32","1.53","26","47","19","7","10","8","3","0","0%"
"Joe Biagini","TOR","SP,RP","56.9","44","3","0","4.72","1.42","30","62","19","8","46","2","4","0","0%"
"Luis Perdomo","SD","SP","54.0","41","3","0","4.63","1.47","28","59","21","8","14","10","4","0","0%"
"Erick Fedde","WSH","SP","59.2","52","4","0","4.58","1.44","30","63","22","8","14","11","4","0","0%"
"Liam Hendriks","OAK","RP","37.2","42","2","0","3.62","1.23","15","34","12","5","42","1","1","0","0%"
"Jimmie Sherfy","ARI","RP","44.5","51","2","1","3.81","1.32","19","38","21","5","44","0","2","0","0%"
"Kolby Allard","ATL","SP","33.8","26","2","0","4.46","1.43","17","36","13","5","7","6","2","0","1%"
"Josh Fields","","RP","41.5","40","2","0","3.88","1.19","18","36","13","6","43","0","2","0","1%"
"Scott Oberg","COL","RP","57.5","56","3","1","3.85","1.32","25","57","19","6","59","0","3","0","1%"
"Taylor Widener","ARI","SP","60.2","57","4","0","4.57","1.52","31","57","35","8","14","14","4","0","1%"
"Brett Anderson","OAK","SP,RP","77.9","51","5","0","4.44","1.40","38","89","20","8","17","14","5","0","1%"
"Matt Bush","TEX","RP","31.6","31","2","0","4.09","1.37","14","31","13","4","29","0","2","0","0%"
"Manny Banuelos","CWS","SP","62.9","57","3","0","4.72","1.49","33","63","31","7","22","8","4","0","0%"
"Shawn Kelley","TEX","RP","45.6","47","2","1","4.34","1.21","22","42","14","8","47","0","2","0","1%"
"Dillon Peters","LAA","SP","41.4","29","2","0","4.85","1.46","22","45","15","7","8","8","3","0","0%"
"JC Ramirez","LAA","SP","44.4","32","3","0","5.02","1.46","25","49","16","8","11","8","3","0","0%"
"Jacob Barnes","MIL","RP","44.3","44","2","1","3.76","1.36","19","40","20","5","45","0","2","0","0%"
"Edubray Ramos","PHI","RP","32.0","34","2","1","3.68","1.28","13","29","12","4","34","0","2","0","0%"
"Spencer Turnbull","DET","SP","39.1","34","2","0","4.50","1.42","20","40","16","6","16","7","2","0","0%"
"Brock Stewart","LAD","SP,RP","31.5","27","1","0","4.89","1.48","17","35","11","6","15","5","2","0","0%"
"Shelby Miller","TEX","SP","112.6","97","6","0","4.98","1.44","62","117","46","17","20","19","8","0","0%"
"Taylor Cole","LAA","RP","46.4","46","2","0","4.36","1.39","22","45","20","7","37","1","2","0","0%"
"Lewis Thorpe","MIN","SP","39.5","36","2","0","4.61","1.40","20","40","15","7","12","7","2","0","0%"
"Dominic Leone","STL","RP","40.8","44","2","0","4.08","1.35","19","39","16","6","41","0","2","0","0%"
"Rogelio Armenteros","HOU","SP","36.4","35","2","0","4.56","1.41","18","36","16","7","8","7","2","0","0%"
"Yoan Lopez","ARI","RP","36.9","43","2","0","3.93","1.30","16","32","16","4","37","0","2","0","0%"
"Dane Dunning","CWS","SP","44.0","38","3","0","4.35","1.36","21","44","16","6","8","8","3","0","0%"
"Jake McGee","COL","RP","48.4","46","2","1","4.69","1.36","25","50","16","8","52","0","2","0","0%"
"David Paulino","TOR","SP,RP","50.5","52","3","1","4.17","1.32","23","50","16","7","38","1","2","0","0%"
"Walker Lockett","NYM","SP,RP","54.8","43","3","0","4.33","1.34","26","57","16","9","21","9","3","0","0%"
"Kyle Keller","MIA","P","32.7","36","1","0","3.88","1.40","14","29","17","4","29","0","2","0","0%"
"Jose Quijada","MIA","P","30.6","32","2","0","3.85","1.39","13","27","16","3","26","0","2","0","0%"
"Tanner Scott","BAL","SP,RP","53.5","70","2","1","4.12","1.49","24","48","31","5","54","0","3","0","0%"
"Austin Gomber","STL","SP,RP","51.2","45","3","0","4.34","1.42","25","52","20","7","16","8","3","0","1%"
"Chandler Shepherd","BOS","RP","39.4","29","2","0","4.63","1.38","20","44","11","6","18","5","2","0","0%"
"Heath Hembree","BOS","RP","58.5","68","3","1","4.07","1.34","26","56","23","9","60","0","3","0","1%"
"Kyle Zimmer","KC","SP,RP","22.2","21","1","0","4.86","1.48","12","22","11","3","19","1","1","0","0%"
"Grant Holmes","OAK","SP","37.9","33","3","0","4.65","1.48","20","38","18","6","13","6","3","0","0%"
"Frankie Montas","OAK","SP","108.9","86","6","0","4.42","1.42","54","113","41","13","23","17","7","0","1%"
"Colin Poche","TB","RP","35.2","47","2","1","3.32","1.21","13","27","16","4","31","1","1","0","0%"
"Williams Perez","STL","SP,RP","68.7","48","4","0","4.33","1.38","33","72","23","7","27","10","4","0","0%"
"Adam Warren","SD","RP","58.1","56","3","1","3.76","1.29","24","54","21","8","52","1","3","0","0%"
"Jose Alvarez","PHI","RP","44.7","44","2","0","3.84","1.31","19","43","15","5","50","0","2","0","1%"
"Jordan Yamamoto","MIA","SP","37.8","34","2","0","4.34","1.36","18","37","15","6","8","7","3","0","0%"
"Austin Voth","WSH","SP","42.7","36","2","0","4.96","1.49","24","46","17","8","24","5","3","0","0%"
"Tony Cingrani","LAD","RP","36.9","46","2","1","3.79","1.25","16","32","15","5","37","0","1","0","0%"
"Jesse Biddle","ATL","RP","54.0","57","3","0","3.77","1.37","23","48","25","6","50","0","2","0","1%"
"Robert Stock","SD","SP,RP","47.2","46","2","0","3.60","1.39","19","46","19","5","41","0","2","0","0%"
"Randall Delgado","CWS","RP","32.8","28","2","0","4.43","1.38","16","33","13","5","30","0","2","0","0%"
"Noe Ramirez","LAA","RP","48.9","54","3","1","4.15","1.27","23","44","18","7","42","0","2","0","0%"
"Domingo Acevedo","NYY","SP,RP","33.8","26","2","0","4.97","1.44","19","37","12","8","8","7","2","0","0%"
"Daniel Gossett","OAK","SP","56.9","42","4","0","9.66","2.53","61","122","22","16","22","22","8","0","0%"
"Sam Coonrod","SF","SP,RP","43.3","37","2","0","4.64","1.50","22","44","21","7","19","6","3","0","0%"
"Sam Gaviglio","TOR","SP,RP","76.2","60","4","0","4.61","1.34","39","80","22","13","33","8","5","0","0%"
"J.B. Bukauskas","HOU","SP","31.6","28","2","0","4.62","1.47","16","31","16","5","7","7","2","0","0%"
"Joe Palumbo","TEX","SP,RP","30.3","25","2","0","4.76","1.48","16","32","13","6","13","5","2","0","0%"
"Jesus Castillo","LAA","RP","50.3","31","3","0","4.99","1.45","28","57","17","11","24","7","4","0","0%"
"Edwin Jackson","","SP,RP","92.7","70","5","0","4.77","1.43","49","92","41","16","19","16","6","0","1%"
"Kyle Dowdy","NYM","P","33.6","28","2","0","4.67","1.44","17","35","14","7","19","4","2","0","0%"
"Jorge Lopez","KC","RP","92.5","73","4","0","4.96","1.50","51","100","39","11","30","11","7","0","0%"
"Jake Jewell","LAA","SP,RP","23.7","18","1","0","4.83","1.53","13","25","11","3","24","0","1","0","0%"
"Ranger Suarez","PHI","SP,RP","42.2","30","2","0","4.57","1.45","21","45","16","9","11","9","2","0","0%"
"Hector Santiago","NYM","SP,RP","58.3","55","3","0","4.68","1.45","30","55","30","9","23","7","4","0","0%"
"Tommy Milone","SEA","SP","29.4","25","1","0","4.97","1.35","16","33","7","7","7","6","2","0","0%"
"Ariel Miranda","","SP","78.4","63","4","0","4.94","1.46","43","79","35","14","16","15","5","0","0%"
"Luis Escobar","PIT","SP","53.4","43","3","0","5.45","1.70","32","56","35","10","19","9","4","0","0%"
"Jacob Waguespack","TOR","P","35.3","28","2","0","4.49","1.50","18","37","16","4","16","4","2","0","0%"
"Dean Deetz","HOU","RP","31.4","34","2","0","4.38","1.48","15","29","18","4","23","2","1","0","0%"
"Julian Merryweather","TOR","SP","35.1","27","2","0","5.25","1.45","20","40","11","7","7","6","3","0","0%"
"Richard Bleier","BAL","RP","60.3","32","3","1","3.76","1.35","25","68","13","6","53","0","3","0","0%"
"Corey Oswalt","NYM","SP,RP","45.7","35","2","0","4.96","1.41","25","48","16","9","11","8","3","0","0%"
"Cody Carroll","BAL","RP","37.1","37","1","0","5.23","1.54","22","36","21","4","30","0","2","0","0%"
"Logan Webb","SF","P","56.2","45","2","0","4.74","1.51","30","58","27","11","26","12","3","0","0%"
"Chance Adams","NYY","SP","42.1","36","2","0","5.20","1.55","24","43","23","8","13","7","2","0","0%"
"Aaron Bummer","CWS","RP","37.0","36","1","0","4.00","1.46","16","38","17","4","42","0","2","0","0%"
"Henderson Alvarez","WSH","SP","38.5","17","2","0","4.90","1.57","21","44","17","6","15","6","2","0","0%"
"Jonny Venters","ATL","SP,RP","39.2","34","2","1","3.94","1.43","17","37","19","3","49","0","2","0","0%"
"Hector Perez","TOR","SP","62.2","61","3","0","5.25","1.76","36","60","50","12","26","9","3","0","0%"
"Brett Martin","TEX","P","49.0","36","3","0","4.91","1.54","27","54","21","10","14","9","3","0","0%"
"Wei-Chieh Huang","TEX","P","36.8","36","2","0","5.04","1.51","21","37","19","7","24","1","2","0","0%"
"Ryan Dull","OAK","RP","37.8","38","2","1","4.10","1.21","17","34","12","6","38","0","1","0","0%"
"Dan Otero","CLE","RP","53.7","39","3","2","3.90","1.23","23","57","9","6","51","0","2","0","0%"
"Paul Blackburn","OAK","SP","40.2","24","2","0","4.44","1.38","20","43","12","5","8","8","3","0","0%"
"Ryan Merritt","TB","SP,RP","66.0","41","4","0","4.36","1.27","32","75","9","10","15","12","4","0","0%"
"Cody Anderson","CLE","SP,RP","39.3","32","2","0","4.51","1.35","20","41","12","6","20","5","2","0","0%"
"Jen-Ho Tseng","CHC","SP,RP","50.8","37","3","0","5.29","1.48","30","58","18","14","10","10","4","0","0%"
"Oliver Perez","CLE","RP","31.6","40","2","0","3.40","1.20","12","27","11","4","41","0","1","0","1%"
"Taylor Williams","MIL","RP","46.1","50","2","0","4.25","1.46","22","46","22","6","48","0","2","0","0%"
"Jeff Brigham","MIA","SP","33.8","27","2","0","4.55","1.44","17","34","14","6","11","6","3","0","0%"
"Austen Williams","WSH","P","32.8","30","2","0","4.40","1.39","16","33","12","5","21","2","2","0","0%"
"Sal Romano","CIN","SP,RP","48.6","37","2","0","4.82","1.43","26","52","17","8","27","6","3","0","0%"
"Koda Glover","WSH","RP","36.5","31","2","1","4.24","1.40","17","36","15","5","42","0","2","0","0%"
"Jake Diekman","KC","RP","48.9","58","2","2","3.81","1.38","21","42","26","4","54","0","2","0","0%"
"Zach Lee","SD","RP","73.5","45","4","0","5.02","1.46","41","84","24","11","14","14","6","0","0%"
"Aaron Slegers","PIT","SP","36.7","24","2","0","4.85","1.39","20","41","10","6","15","5","2","0","0%"
"Brock Burke","TEX","P","50.2","40","3","0","4.97","1.53","28","56","21","9","10","9","3","0","0%"
"Andrew Chafin","ARI","RP","48.3","54","2","1","3.56","1.36","19","44","22","4","59","0","2","0","0%"
"Taylor Clarke","ARI","SP","36.2","30","2","0","4.96","1.44","20","39","13","7","7","7","3","0","0%"
"Sam McWilliams","KC","P","39.2","30","2","0","4.76","1.48","21","42","16","5","22","4","2","0","0%"
"Jacob Nix","SD","SP","57.7","39","3","0","4.74","1.39","30","63","17","9","17","11","4","0","0%"
"Duane Underwood Jr.","CHC","SP","39.0","29","2","0","5.17","1.49","22","42","16","8","9","8","3","0","0%"
"Hunter Wood","TB","RP","39.0","41","2","0","4.06","1.37","18","37","16","6","30","2","2","0","0%"
"Carlos Estevez","COL","RP","28.3","29","2","0","4.39","1.39","14","27","12","4","29","0","2","0","0%"
"Michael Feliz","PIT","RP","43.5","52","2","1","4.30","1.37","21","41","19","6","40","0","2","0","0%"
"Jesus Tinoco","COL","P","61.3","44","4","0","6.13","1.62","42","74","25","16","19","10","5","0","0%"
"Tim Mayza","TOR","RP","51.9","59","3","0","4.23","1.43","24","51","23","6","52","0","2","0","0%"
"Shane Carle","ATL","RP","43.2","33","2","0","4.28","1.40","21","43","18","5","38","0","2","0","0%"
"Ian Gibaut","TB","RP","33.3","36","2","0","3.85","1.35","14","29","16","4","31","0","2","0","0%"
"Sammy Solis","SD","RP","29.0","31","1","0","5.10","1.55","16","32","13","5","40","0","2","0","0%"
"Andrew Moore","TB","SP,RP","44.7","29","2","0","5.33","1.42","27","50","13","12","9","9","3","0","0%"
"Troy Scribner","ARI","SP","52.5","49","3","0","6.17","1.69","36","57","32","12","19","9","4","0","0%"
"Jesse Hahn","KC","SP","35.2","26","2","0","4.99","1.58","20","41","15","5","16","6","3","0","0%"
"Chase De Jong","MIN","SP","49.6","30","3","0","5.63","1.54","31","58","18","11","12","11","3","0","0%"
"Matt Albers","MIL","RP","47.3","44","3","1","4.42","1.34","23","48","16","8","49","0","3","0","0%"
"Hunter Harvey","BAL","SP,RP","33.2","26","2","0","5.17","1.44","19","36","12","5","14","6","3","0","0%"
"Ben Lively","KC","SP,RP","44.3","33","2","0","4.55","1.39","22","46","15","6","15","5","3","0","0%"
"Jordan Stephens","CWS","SP","40.1","33","2","0","5.25","1.50","23","43","17","8","8","8","3","0","0%"
"Brandon Kintzler","CHC","RP","47.4","33","2","1","4.09","1.36","22","50","15","5","48","0","2","0","0%"
"Victor Arano","PHI","RP","37.5","38","2","0","3.79","1.28","16","35","12","6","38","0","2","0","1%"
"Doug Fister","TEX","SP","63.9","43","4","0","3.87","1.22","27","57","21","8","10","9","4","0","0%"
"Corbin Martin","HOU","SP,RP","66.6","53","4","0","4.78","1.41","35","70","24","18","22","12","4","0","0%"
"Jonathan Hernandez","TEX","SP","42.4","34","2","0","5.42","1.63","26","46","24","8","9","9","3","0","0%"
"Trent Thornton","TOR","RP","47.4","40","3","0","4.50","1.31","24","51","12","7","24","6","3","0","0%"
"Kodi Medeiros","CWS","SP,RP","41.1","35","2","0","4.93","1.59","23","42","23","6","15","6","3","0","0%"
"Dillon Tate","BAL","SP","40.4","26","2","0","5.22","1.53","23","46","16","7","9","7","2","0","0%"
"Tyler Olson","CLE","RP","35.4","42","2","1","3.96","1.33","16","33","14","5","44","0","2","0","0%"
"Ryan Castellani","COL","SP","45.0","28","2","0","6.20","1.74","31","54","24","9","9","9","3","0","0%"
"P.J. Conlon","NYM","SP,RP","37.1","25","1","0","5.03","1.48","21","42","13","8","8","7","3","0","0%"
"Gregory Soto","DET","SP,RP","53.6","41","3","0","5.34","1.81","32","55","42","6","22","9","4","0","0%"
"Tony Barnette","CHC","RP","45.9","45","3","0","2.97","1.07","15","34","15","4","32","0","1","0","0%"
"Brad Wieck","SD","SP,RP","29.7","36","1","0","3.62","1.27","12","25","13","3","27","0","1","0","0%"
"Conner Greene","KC","SP","39.8","27","2","0","5.12","1.77","23","41","30","3","25","4","2","0","0%"
"Tyler Beede","SF","SP","28.2","24","1","0","5.41","1.64","17","30","16","5","11","5","3","0","0%"
"Chasen Shreve","STL","RP","40.8","48","2","1","4.06","1.37","18","36","20","6","41","0","2","0","0%"
"Austin Pruitt","TB","RP","53.8","43","3","1","4.25","1.30","25","57","13","7","32","2","3","0","0%"
"Taylor Hearn","TEX","SP,RP","51.3","47","3","0","5.29","1.55","30","54","25","11","11","11","4","0","0%"
"Adrian Sampson","TEX","SP,RP","46.8","28","2","0","5.96","1.58","31","64","10","10","15","11","3","0","0%"
"Daniel Zamora","NYM","P","32.9","38","1","0","3.99","1.34","15","31","14","4","38","0","2","0","0%"
"Trevor Oaks","KC","SP","46.2","26","3","0","4.67","1.49","24","54","16","6","12","9","3","0","0%"
"Rookie Davis","PIT","SP,RP","60.0","44","3","0","5.25","1.50","35","70","21","12","14","11","5","0","0%"
"Adam Kolarek","TB","RP","41.5","33","2","1","3.90","1.40","18","44","15","4","44","0","2","0","0%"
"Gabriel Moya","MIN","RP","44.3","42","2","0","4.46","1.35","22","44","16","7","49","1","2","0","0%"
"Ian Hamilton","CWS","P","43.9","41","3","0","4.34","1.35","21","43","16","6","47","0","3","0","0%"
"Eric Skoglund","KC","SP","55.6","41","3","0","5.09","1.44","31","62","18","10","15","12","4","0","0%"
"James Pazos","PHI","RP","38.9","39","2","0","3.65","1.30","16","35","15","5","43","0","2","0","0%"
"Nick Vincent","SF","RP","30.2","28","2","0","3.84","1.21","13","29","8","5","40","0","2","0","0%"
"Giovanny Gallegos","STL","RP","27.7","32","2","1","3.43","1.17","11","24","8","3","21","0","1","0","0%"
"David Phelps","TOR","SP,RP","40.2","43","2","0","3.91","1.37","17","38","17","5","37","0","2","0","0%"
"Chris Ellis","KC","SP","51.6","42","3","0","5.07","1.46","29","54","22","9","19","8","4","0","0%"
"Brandon Workman","BOS","RP","42.5","40","3","0","4.33","1.35","20","41","16","6","41","0","2","0","0%"
"Chris Martin","TEX","RP","49.6","46","2","2","4.16","1.28","23","52","11","6","50","0","3","0","0%"
"Luis Garcia","LAA","RP","43.2","42","2","1","3.96","1.35","19","41","17","5","46","0","2","0","0%"
"Juan Minaya","CWS","RP","50.8","55","2","1","4.23","1.41","24","46","25","7","53","0","3","0","0%"
"J.B. Wendelken","OAK","RP","39.8","43","2","0","3.77","1.30","17","36","16","5","39","0","1","0","0%"
"Jefry Rodriguez","CLE","SP,RP","40.2","34","2","0","5.57","1.71","25","47","22","6","18","5","2","0","0%"
"Adam Morgan","PHI","RP","44.8","47","2","1","4.20","1.37","21","45","17","6","44","0","2","0","0%"
"Hansel Robles","LAA","RP","53.2","56","2","1","4.31","1.39","26","49","25","7","48","0","3","0","0%"
"Christian Bergman","CHC","SP","76.0","47","5","0","5.27","1.43","45","87","23","12","16","14","5","0","0%"
"Matt Grace","WSH","RP","48.9","38","2","1","3.77","1.32","20","50","15","5","46","0","2","0","0%"
"Tim Hill","KC","RP","49.3","46","2","1","4.09","1.37","22","50","18","6","57","0","2","0","0%"
"Chad Bettis","COL","SP,RP","65.8","47","3","0","4.93","1.44","36","72","23","10","37","5","3","0","0%"
"Drew Smith","NYM","RP","45.4","37","3","0","3.98","1.37","20","45","17","5","46","0","3","0","0%"
"Ryan Carpenter","DET","SP,RP","36.2","28","2","0","5.61","1.47","23","43","11","9","14","7","3","0","0%"
"Cory Gearrin","SEA","RP","52.0","50","2","1","3.93","1.31","23","47","21","6","52","0","2","0","0%"
"Zac Rosscup","SEA","RP","29.2","38","1","0","3.89","1.24","13","25","11","4","30","0","1","0","0%"
"Jose De Leon","TB","SP,RP","42.4","43","3","0","4.47","1.33","21","40","16","8","11","6","3","0","0%"
"Roenis Elias","SEA","RP","58.6","47","3","0","4.35","1.43","28","60","23","8","39","4","4","0","0%"
"Jeffrey Springs","TEX","P","51.4","55","2","0","4.40","1.44","25","52","23","8","34","1","2","0","0%"
"Ryan Meisinger","STL","RP","32.1","31","2","0","4.49","1.35","16","30","14","4","27","0","2","0","0%"
"Kohl Stewart","MIN","SP","44.9","31","2","0","4.70","1.51","23","48","20","6","11","7","3","0","0%"
"Drew VerHagen","DET","RP","55.1","51","3","0","4.38","1.33","27","53","20","6","42","2","2","0","0%"
"Matt Koch","ARI","SP,RP","43.8","25","2","0","5.31","1.42","26","50","12","9","11","6","3","0","0%"
"Victor Alcantara","DET","RP","47.1","36","2","0","4.23","1.40","22","48","18","5","42","0","2","0","0%"
"Hector Velazquez","BOS","SP,RP","62.9","44","4","0","4.34","1.39","30","68","20","9","38","5","3","0","0%"
"Chad Sobotka","ATL","P","34.3","41","2","0","3.97","1.43","15","27","23","4","31","0","1","0","0%"
"Andrew Vasquez","MIN","P","28.4","33","1","0","3.65","1.31","12","25","13","3","30","0","1","0","0%"
"Albert Abreu","NYY","SP","46.4","36","3","0","5.90","1.68","30","51","27","13","17","10","3","0","0%"
"Neil Ramirez","CLE","RP","46.0","57","2","1","4.70","1.36","24","41","22","9","48","0","2","0","0%"
"Sam Freeman","ATL","RP","42.0","46","2","1","3.93","1.48","18","37","25","4","42","0","2","0","0%"
"J.T. Chargois","LAD","RP","28.0","30","2","0","3.64","1.35","11","25","13","3","31","0","1","0","0%"
"Kevin McCarthy","KC","RP","63.8","43","3","2","4.14","1.40","29","69","21","7","56","0","3","0","0%"
"Luis Avilan","NYM","RP","32.6","38","1","1","3.52","1.34","13","29","15","3","38","0","1","0","0%"
"Yovani Gallardo","","SP","85.5","58","5","0","4.91","1.50","47","91","38","12","16","15","5","0","0%"
"Jon Edwards","CLE","RP","36.6","43","2","0","4.22","1.32","17","31","17","4","36","0","2","0","0%"
"Heath Fillmyer","KC","SP","73.0","51","3","0","4.95","1.48","40","78","30","11","34","7","4","0","0%"
"Aaron Loup","SD","RP","38.4","42","1","0","3.76","1.38","16","38","15","4","41","0","2","0","0%"
"Ariel Jurado","TEX","SP","65.4","35","4","0","5.33","1.50","39","79","19","11","17","12","5","0","0%"
"Luis Cessa","NYY","SP,RP","58.9","50","3","0","4.65","1.37","30","61","19","9","23","7","3","0","0%"
"Elvis Luciano","TOR","P","24.2","16","1","0","5.52","1.67","15","26","15","4","18","2","1","0","0%"
"Tony Sipp","WSH","RP","32.5","35","2","1","3.98","1.31","14","30","13","6","38","0","1","0","0%"
"Yefry Ramirez","BAL","SP,RP","61.0","55","3","0","5.11","1.44","35","61","27","13","23","10","5","0","0%"
"Zach Duke","CIN","RP","41.4","41","2","0","3.86","1.40","18","40","17","4","50","0","2","0","0%"
"Josh Rogers","BAL","SP","73.6","49","4","0","5.38","1.53","44","88","25","11","16","13","6","0","0%"
"T.J. McFarland","ARI","RP","53.5","32","3","1","4.02","1.45","24","59","19","5","41","0","2","0","0%"
"Wander Suero","WSH","SP,RP","35.3","33","2","0","4.11","1.35","16","35","13","4","31","0","2","0","0%"
"Jacob Rhame","NYM","RP","27.5","29","1","0","4.24","1.26","13","25","10","5","26","0","1","0","0%"
"Chris Rusin","COL","RP","53.2","45","2","0","4.41","1.40","26","55","19","7","46","0","3","0","0%"
"Jim Johnson","","RP","47.9","40","3","1","3.85","1.31","20","45","17","5","41","0","2","0","0%"
"Chasen Bradford","SEA","RP","46.7","34","3","1","4.44","1.38","23","50","14","6","42","0","2","0","0%"
"Blake Wood","","RP","36.8","36","2","0","4.05","1.43","17","36","17","4","38","0","2","0","0%"
"Connor Sadzeck","TEX","RP","45.4","44","2","1","4.43","1.57","22","44","27","6","53","0","2","0","0%"
"Jimmy Yacabonis","BAL","RP","55.5","42","2","0","4.88","1.48","30","55","27","9","22","8","4","0","0%"
"Bobby Poyner","BOS","RP","41.0","39","2","0","4.25","1.30","19","42","11","6","39","0","1","0","0%"
"Homer Bailey","","SP","38.7","27","2","0","5.61","1.54","24","47","13","7","11","7","4","0","0%"
"Tyler Webb","STL","RP","28.0","28","1","0","4.01","1.33","12","26","11","4","26","0","1","0","0%"
"Austin Brice","MIA","RP","32.4","28","2","0","4.79","1.38","17","33","11","4","26","0","2","0","0%"
"Zach McAllister","TEX","RP","42.4","41","2","1","4.47","1.35","21","44","13","6","35","0","2","0","0%"
"Ben Heller","NYY","RP","19.8","22","1","0","5.04","1.55","11","22","9","3","24","0","1","0","0%"
"Oliver Drake","TB","RP","31.8","34","2","0","3.97","1.33","14","29","13","3","29","0","1","0","0%"
"Austin Davis","PHI","RP","33.5","36","2","1","3.69","1.30","14","31","12","4","31","0","1","0","0%"
"Colten Brewer","BOS","SP,RP","28.5","29","2","0","4.40","1.49","14","30","13","3","26","0","1","0","0%"
"Xavier Cedeno","CHC","RP","23.3","23","1","0","3.64","1.36","9","22","10","2","32","0","1","0","0%"
"Beau Burrows","DET","SP","43.5","33","2","0","5.18","1.53","25","47","19","8","9","9","4","0","0%"
"Sam Tuivailala","SEA","RP","27.9","26","2","0","3.97","1.36","12","27","11","3","26","0","1","0","0%"
"Tyler Duffey","MIN","RP","33.5","30","2","0","4.49","1.32","17","35","10","5","28","0","2","0","0%"
"Luke Jackson","ATL","RP","33.4","34","2","0","3.99","1.44","15","31","17","3","27","0","1","0","0%"
"Tyler Lyons","PIT","RP","24.8","25","1","0","4.08","1.30","11","23","9","4","24","0","1","0","0%"
"Tim Peterson","NYM","P","31.1","33","2","0","4.18","1.23","14","29","9","6","31","0","2","0","0%"
"Ruben Alaniz","SEA","RP","47.6","47","2","0","4.07","1.39","22","45","21","5","45","0","2","0","0%"
"Riley Ferrell","MIA","RP","44.4","45","2","0","4.27","1.45","21","41","23","5","40","0","2","0","0%"
"A.J. Schugel","PIT","RP","33.5","28","2","0","4.30","1.40","16","35","13","5","28","0","2","0","0%"
"A.J. Ramos","","RP","36.4","40","2","1","4.18","1.41","17","31","20","5","40","0","2","0","0%"
"Pat Venditte","SF","RP","27.1","25","1","0","4.03","1.37","12","25","13","3","25","0","1","0","0%"
"Nick Rumbelow","SEA","RP","38.4","37","1","0","4.43","1.30","19","36","14","5","27","0","1","0","0%"
"Matt Wisler","CIN","SP,RP","48.9","41","2","0","4.44","1.27","24","49","13","9","30","3","2","0","0%"
"Jorge De La Rosa","","RP","49.7","43","2","0","4.36","1.44","24","49","23","7","49","0","2","0","0%"
"Adam Liberatore","","RP","33.4","31","3","0","3.91","1.38","15","31","15","4","40","0","3","0","0%"
"Ben Taylor","CLE","RP","30.3","31","2","0","4.10","1.27","14","29","10","5","28","0","1","0","0%"
"Enyel De Los Santos","PHI","SP","63.7","55","4","0","4.67","1.40","33","64","25","11","14","13","4","0","0%"
"Drew Gagnon","NYM","SP","58.0","57","3","0","4.49","1.35","29","55","23","9","27","5","3","0","0%"
"Aaron Brooks","OAK","SP,RP","36.4","26","3","0","4.58","1.42","19","40","12","5","13","6","2","0","0%"
"Javy Guerra","TOR","RP","38.8","32","2","0","4.86","1.52","21","40","19","6","34","0","2","0","0%"
"Grant Dayton","ATL","RP","24.3","28","2","0","3.81","1.23","10","21","9","3","25","0","1","0","0%"
"Dan Jennings","","RP","37.9","28","2","0","3.97","1.38","17","37","15","4","36","0","2","0","0%"
"Steven Okert","SF","RP","21.8","23","1","0","4.35","1.30","11","21","7","3","26","0","1","0","0%"
"Caleb Frare","CWS","P","31.1","36","1","0","4.72","1.52","16","29","19","4","37","0","2","0","0%"
"Brendan McCurry","HOU","RP","26.0","25","2","0","3.95","1.27","11","25","8","4","21","0","1","0","0%"
"Andrew Kittredge","TB","SP,RP","44.8","40","3","0","4.09","1.35","20","45","15","5","34","1","3","0","0%"
"Vidal Nuno","WSH","RP","26.2","23","1","0","4.29","1.30","13","27","7","6","17","1","1","0","0%"
"Yimi Garcia","LAD","RP","22.1","20","1","0","4.69","1.27","12","23","5","4","24","0","1","0","0%"
"Drew Hutchison","NYY","SP,RP","54.2","43","3","0","5.09","1.52","31","59","23","9","17","7","3","0","0%"
"Derek Law","SF","RP","28.5","25","1","0","3.97","1.34","13","28","10","3","24","0","1","0","0%"
"Jake Petricka","MIL","RP","28.9","24","1","0","4.10","1.40","13","30","10","3","27","0","1","0","0%"
"Jaime Schultz","LAD","RP","31.6","38","2","1","4.74","1.44","17","27","19","6","20","2","2","0","0%"
"Paul Sewald","NYM","RP","38.7","39","2","1","4.47","1.34","19","38","14","6","32","0","2","0","0%"
"Jerry Blevins","OAK","RP","30.4","32","2","0","4.17","1.37","14","27","14","4","38","0","2","0","0%"
"Matt Bowman","CIN","RP","27.0","26","1","0","4.26","1.38","13","27","10","3","28","0","1","0","0%"
"Wes Parsons","ATL","P","40.1","33","2","0","4.26","1.39","19","41","15","5","16","4","2","0","0%"
"Dan Coulombe","NYY","RP","31.0","30","2","0","4.14","1.37","14","30","13","4","32","0","1","0","0%"
"Joe Smith","HOU","RP","27.5","27","2","0","3.72","1.25","11","26","8","4","33","0","2","0","1%"
"Mike Mayers","STL","RP","30.2","27","1","0","4.49","1.41","15","32","11","4","29","0","1","0","0%"
"Edward Paredes","PHI","RP","26.9","31","2","0","4.36","1.49","13","25","16","4","33","0","2","0","0%"
"Steven Brault","PIT","SP,RP","62.6","56","3","0","4.23","1.47","29","60","32","7","37","3","3","0","0%"
"Williams Jerez","LAA","RP","31.8","31","1","0","4.60","1.46","16","31","15","5","32","0","1","0","0%"
"Danny Farquhar","NYY","RP","44.9","43","3","0","4.52","1.35","23","43","18","8","44","0","2","0","0%"
"Stephen Tarpley","NYY","RP","29.7","29","2","0","3.98","1.43","13","28","14","3","27","0","1","0","0%"
"Kazuhisa Makita","SD","RP","34.9","29","2","0","4.45","1.36","17","35","12","4","29","0","2","0","0%"
"Miguel Diaz","SD","RP","27.6","30","1","0","4.66","1.50","14","25","16","4","19","1","2","0","0%"
"Nick Burdi","PIT","RP","25.4","26","1","0","4.64","1.47","13","25","12","3","26","0","1","0","0%"
"Daniel Stumpf","DET","RP","41.8","40","2","0","4.44","1.42","21","43","16","6","51","0","2","0","0%"
"Alan Busenitz","","RP","46.4","39","3","0","4.76","1.43","25","51","16","7","34","1","3","0","0%"
"Austin Adams","LAA","RP","24.2","32","1","0","3.70","1.45","10","19","16","2","26","0","1","0","0%"
"Eric Hanhold","NYM","P","28.9","27","1","0","4.00","1.38","13","28","12","4","29","0","1","0","0%"
"Joey Krehbiel","ARI","RP","31.0","35","1","0","4.33","1.43","15","28","17","4","27","0","2","0","0%"
"Bryan Shaw","COL","RP","55.5","53","3","1","4.50","1.46","28","58","23","7","56","0","3","0","0%"
"Jake Newberry","KC","P","32.4","26","2","0","4.50","1.45","16","32","15","4","32","0","2","0","0%"
"Yohander Mendez","TEX","SP","87.7","65","4","0","5.80","1.57","57","100","37","20","20","18","7","0","0%"
"Pierce Johnson","SF","RP","39.9","39","2","0","4.60","1.48","20","37","22","6","36","1","2","0","0%"
"James Hoyt","CLE","RP","30.1","35","2","0","3.58","1.29","12","27","12","4","31","0","1","0","0%"
"Matt Belisle","","RP","35.8","28","2","0","4.44","1.37","18","38","11","5","34","0","2","0","0%"
"Daniel Hudson","LAA","RP","31.4","31","2","0","4.13","1.36","14","29","13","4","27","0","2","0","0%"
"Reymin Guduan","HOU","RP","29.0","33","1","0","4.70","1.55","15","27","18","4","27","0","1","0","0%"
"John Axford","TOR","RP","30.1","29","2","0","4.40","1.45","15","30","14","3","27","0","2","0","0%"
"Robby Scott","ARI","RP","23.0","23","1","0","4.17","1.35","11","21","10","4","26","0","1","0","0%"
"Joaquin Benoit","","RP","37.7","34","2","0","4.47","1.38","19","35","17","6","38","0","2","0","0%"
"Aaron Wilkerson","MIL","SP,RP","38.3","35","2","0","4.55","1.35","19","38","14","6","18","4","2","0","0%"
"Trevor Gott","SF","RP","28.4","26","1","0","4.20","1.41","13","28","12","3","30","0","1","0","0%"
"Adam McCreery","LAD","SP,RP","33.4","36","2","0","4.23","1.61","16","30","24","3","29","0","2","0","0%"
"Kyle McGrath","SD","RP","39.0","34","2","0","4.38","1.33","19","38","14","6","35","0","3","0","0%"
"George Kontos","CHC","RP","36.6","28","2","0","4.27","1.26","17","36","10","6","37","0","2","0","0%"
"John Curtiss","LAA","RP","27.0","28","2","0","4.15","1.41","12","24","14","4","26","0","1","0","0%"
"Justin Shafer","TOR","RP","46.5","33","4","0","4.16","1.51","22","46","25","5","38","0","3","0","0%"
"Ryan Weber","BOS","SP,RP","62.7","35","5","0","4.24","1.34","30","72","13","7","18","8","4","0","0%"
"Donnie Hart","LAD","RP","27.2","22","2","0","4.09","1.41","12","29","10","3","29","0","1","0","0%"
"Deck McGuire","","SP,RP","56.4","46","3","0","5.16","1.48","32","57","26","12","24","11","4","0","0%"
"Ronald Herrera","TEX","RP","54.7","30","3","0","5.11","1.54","31","64","21","8","15","9","4","0","0%"
"Hoby Milner","TB","RP","34.4","31","1","0","3.93","1.35","15","33","14","5","39","0","1","0","0%"
"Fernando Salas","","RP","48.9","42","3","0","4.36","1.34","24","50","16","8","52","0","3","0","0%"
"Preston Guilmet","MIN","RP","31.7","30","1","0","4.41","1.28","16","32","9","6","25","1","1","0","0%"
"Kyle Bird","TEX","P","35.8","32","2","0","4.62","1.49","18","36","17","4","32","1","2","0","0%"
"Dillon Maples","CHC","RP","23.6","35","1","0","4.14","1.67","11","17","23","2","28","0","1","0","0%"
"Joe Harvey","NYY","P","25.3","25","1","0","4.66","1.46","13","24","13","4","23","0","1","0","0%"
"Ian Krol","CIN","RP","41.2","40","2","0","4.26","1.46","20","39","21","5","34","0","2","0","0%"
"Kevin Shackelford","","RP","34.7","36","2","0","4.03","1.46","16","33","18","4","28","0","2","0","0%"
"Kyle McGowin","WSH","SP,RP","37.2","32","2","0","5.57","1.51","23","41","15","8","16","6","2","0","0%"
"Alec Mills","CHC","SP,RP","34.0","28","2","0","4.48","1.36","17","34","12","6","11","5","2","0","0%"
"Louis Coleman","DET","RP","42.3","37","2","1","4.20","1.40","20","38","21","4","40","0","3","0","0%"
"Rhiner Cruz","TOR","RP","31.6","32","2","0","4.46","1.49","16","30","17","5","28","0","2","0",""
"Luis Santos","TB","RP","41.8","38","2","0","5.39","1.49","25","45","17","11","22","6","3","0","0%"
"Tanner Anderson","OAK","RP","30.1","19","1","0","4.14","1.42","14","32","10","3","17","1","2","0","0%"
"Kyle Ryan","CHC","SP,RP","28.9","24","1","0","4.27","1.45","14","29","13","4","26","1","1","0","0%"
"Allen Webster","CHC","SP","38.8","33","2","0","5.27","1.52","23","42","17","8","30","2","2","0","0%"
"Gerardo Reyes","SD","P","38.2","37","2","0","4.91","1.64","21","36","26","6","35","0","2","0","0%"
"Luke Bard","LAA","RP","41.4","40","2","0","4.46","1.40","21","41","18","6","28","0","3","0","0%"
"Josh Tomlin","MIL","SP,RP","45.1","33","2","0","5.00","1.27","25","51","6","11","18","7","3","0","0%"
"Chris O'Grady","","RP","36.9","32","2","0","4.72","1.43","19","38","15","8","17","8","3","0","0%"
"Ryan Cook","","RP","41.2","42","2","0","4.48","1.52","21","40","23","6","45","0","3","0",""
"Gabriel Ynoa","BAL","SP,RP","49.2","30","2","0","5.16","1.43","28","57","13","9","22","5","3","0","0%"
"Luis Ortiz","BAL","SP","43.6","30","2","0","5.37","1.50","26","49","16","8","10","9","3","0","0%"
"Anthony Bass","CIN","RP","46.4","39","2","0","4.66","1.45","24","50","18","6","25","3","3","0","0%"
"Luke Farrell","TEX","RP","31.4","31","2","0","5.28","1.57","18","33","16","7","21","4","2","0","0%"
"Nick Wittgren","CLE","RP","31.8","30","2","1","4.18","1.35","15","32","11","5","31","0","2","0","0%"
"Brady Rodgers","HOU","SP,RP","30.1","21","2","0","4.77","1.38","16","33","8","4","9","5","2","0","0%"
"Jose Ramirez","","RP","47.7","46","3","0","4.72","1.50","25","44","28","7","50","0","3","0","0%"
"Marc Rzepczynski","ARI","RP","28.0","25","1","0","4.61","1.67","14","29","18","3","38","0","1","0","0%"
"Mike Morin","MIN","RP","33.9","27","2","0","4.69","1.37","18","37","9","4","28","1","2","0","0%"
"Justin Haley","","RP","62.0","44","4","0","4.86","1.47","34","70","21","8","17","11","4","0","0%"
"Tyler Kinley","MIA","RP","44.6","49","1","0","4.86","1.46","24","41","24","5","44","0","2","0","0%"
"Tyler Bashlor","NYM","RP","28.4","27","1","0","4.33","1.34","14","24","14","4","25","0","2","0","0%"
"James Norwood","CHC","RP","32.8","32","2","0","4.38","1.49","16","31","18","4","30","0","2","0","0%"
"Zac Curtis","TEX","RP","41.9","42","2","0","4.95","1.62","23","40","28","6","39","0","3","0","0%"
"Josh Ravin","","RP","24.7","31","2","0","4.56","1.44","13","20","16","4","21","0","2","0","0%"
"Gerson Bautista","SEA","RP","34.8","37","2","0","4.51","1.49","17","33","18","4","33","0","2","0","0%"
"Jeanmar Gomez","","RP","25.7","20","1","0","4.56","1.45","13","28","9","3","24","0","1","0","0%"
"Tyler Danish","SEA","RP","63.0","36","3","0","4.93","1.55","35","71","27","7","21","8","4","0","0%"
"Jason Adam","","SP,RP","38.6","42","2","0","4.90","1.39","21","35","19","6","35","0","2","0","0%"
"Yacksel Rios","PHI","RP","27.8","28","1","0","4.80","1.45","15","27","14","5","25","0","2","0","0%"
"Josh Lucas","BAL","RP","36.9","30","2","0","4.40","1.42","18","38","15","5","28","1","2","0","0%"
"Jesus Liranzo","PIT","RP","32.7","35","1","0","5.75","1.72","21","32","24","8","28","1","2","0","0%"
"Chase Whitley","ATL","RP","38.0","29","2","0","4.62","1.34","20","39","12","6","25","2","2","0","0%"
"Chih-Wei Hu","CLE","RP","40.6","33","2","0","4.74","1.35","21","42","12","7","20","4","2","0","0%"
"Rayan Gonzalez","COL","RP","21.4","18","1","0","5.33","1.61","13","23","12","3","22","0","1","0","0%"
"Peter Moylan","","RP","27.7","23","1","0","4.13","1.42","13","27","12","3","34","0","1","0","0%"
"Jhan Marinez","BAL","RP","45.0","36","2","0","4.60","1.53","23","49","20","6","38","1","2","0","0%"
"Johnny Barbato","","RP","36.5","30","2","0","4.68","1.48","19","38","17","6","32","1","2","0","0%"
"Michael Ynoa","KC","RP","23.2","18","1","0","5.25","1.66","14","23","16","3","27","0","1","0","0%"
"Lucas Sims","CIN","RP","30.7","31","1","0","5.32","1.51","18","31","15","7","9","5","2","0","0%"
"Murphy Smith","","P","41.0","25","2","0","5.05","1.54","23","47","17","6","22","4","3","0","0%"
"Adrian Houser","MIL","RP","42.2","34","2","0","4.70","1.45","22","45","16","7","24","5","2","0","0%"
"Zack Littell","MIN","SP","46.6","38","3","0","4.51","1.42","23","49","17","6","19","5","3","0","0%"
"David Hale","NYY","SP,RP","37.3","24","1","0","5.38","1.50","22","44","12","8","12","7","2","0","0%"
"Scott Barlow","KC","SP,RP","43.7","42","2","0","4.88","1.51","24","44","22","6","19","5","3","0","0%"
"Jackson Stephens","CIN","RP","34.8","29","2","0","4.92","1.47","19","37","14","6","18","3","2","0","0%"
"Evan Phillips","BAL","RP","32.8","34","1","0","4.86","1.47","18","31","18","5","32","0","2","0","0%"
"Jake Barrett","PIT","RP","28.9","29","1","1","4.48","1.47","14","28","15","4","32","0","2","0","0%"
"Tim Collins","MIN","RP","25.8","24","1","0","4.99","1.58","14","25","16","5","38","0","2","0","0%"
"D.J. Snelten","SF","RP","35.5","27","2","0","4.94","1.63","20","38","20","4","29","0","2","0","0%"
"Joshua Smoker","DET","RP","38.4","39","2","0","4.69","1.45","20","39","17","7","37","0","2","0","0%"
"Taylor Guerrieri","TEX","RP","37.5","23","2","0","5.71","1.56","24","43","15","9","20","4","2","0","0%"
"Clay Holmes","PIT","SP,RP","42.0","37","2","0","4.51","1.57","21","42","24","5","20","5","2","0","0%"
"Nick Gardewine","TEX","RP","36.1","35","2","0","4.41","1.45","18","37","16","4","28","0","2","0","0%"
"John Means","BAL","P","47.8","34","2","0","5.29","1.44","28","55","14","11","11","8","3","0","0%"
"Rob Zastryzny","CHC","RP","49.4","40","3","0","5.02","1.55","28","52","25","7","23","4","3","0","0%"
"Jesus Reyes","CIN","SP,RP","48.5","34","3","0","5.07","1.60","27","52","26","9","29","4","3","0","0%"
"Justin Grimm","CLE","RP","32.0","34","2","0","4.78","1.45","17","30","17","5","35","0","2","0","0%"
"Reed Garrett","DET","P","28.9","25","1","0","4.53","1.48","15","30","13","4","28","0","1","0","0%"
"Eduardo Paredes","DET","RP","41.7","32","1","0","4.97","1.50","23","44","19","6","35","0","1","0","0%"
"Jerry Vasto","CHC","RP","35.5","38","2","0","4.94","1.55","20","34","21","5","39","0","3","0","0%"
"Brandon Mann","","SP,RP","39.7","31","2","0","5.45","1.63","24","42","23","6","29","2","3","0","0%"
"Jeremy Bleich","PHI","SP,RP","32.9","27","2","0","4.52","1.37","17","35","10","5","27","0","2","0","0%"
"Dovydas Neverauskas","PIT","RP","31.6","32","1","0","4.82","1.46","17","30","16","4","29","0","1","0","0%"
"Chris Flexen","NYM","SP,RP","31.1","24","2","0","4.83","1.49","17","33","13","5","7","6","2","0","0%"
"Sean Gilmartin","BAL","RP","30.4","21","1","0","5.48","1.52","19","35","11","6","17","2","2","0","0%"
"Brett Cecil","STL","RP","41.7","35","2","0","4.69","1.49","22","44","18","5","44","0","2","0","0%"
"Parker Bridwell","OAK","SP","34.2","22","2","0","5.57","1.47","21","38","12","7","15","4","2","0","0%"
"Chris Lee","BAL","SP,RP","27.8","17","1","0","5.05","1.63","16","31","14","4","15","3","2","0","0%"
"Buddy Baumann","","RP","26.9","27","1","0","5.20","1.55","16","26","16","4","26","1","2","0","0%"
"Josh Staumont","KC","SP","34.9","39","2","0","4.79","1.68","19","30","28","4","23","3","2","0","0%"
"Andres Machado","","RP","51.0","35","3","0","5.91","1.66","34","60","25","8","21","7","4","0","0%"
"Keury Mella","CIN","RP","41.1","32","2","0","5.21","1.54","24","45","19","7","13","6","3","0","0%"
"Akeel Morris","","RP","41.4","37","2","0","5.11","1.62","24","41","27","5","33","0","2","0","0%"
"Dean Kiekhefer","OAK","RP","27.3","17","2","0","5.77","1.76","18","40","8","4","38","1","3","0","0%"
"Osmer Morales","","RP","60.5","47","3","0","6.02","1.64","41","68","31","13","42","10","4","0","0%"
"Josh Osich","CWS","RP","23.3","19","1","0","5.48","1.65","14","27","11","3","25","0","1","0","0%"
"Junichi Tazawa","CHC","RP","35.4","31","2","0","5.16","1.46","20","38","14","7","36","0","2","0","0%"
"Buck Farmer","DET","RP","61.0","55","3","0","4.65","1.46","32","62","28","9","56","0","3","0","0%"
"Sam Howard","COL","SP,RP","64.4","48","4","0","5.73","1.58","41","74","28","12","23","11","4","0","0%"
"Ryan Burr","CWS","RP","31.0","27","1","0","4.94","1.55","17","31","18","4","23","0","2","0","0%"
"Brian Flynn","KC","RP","57.1","40","2","1","4.42","1.52","28","62","25","5","37","0","4","0","0%"
"Jarlin Garcia","MIA","SP,RP","65.5","46","3","1","4.80","1.40","35","67","25","11","49","2","4","0","0%"
"Casey Sadler","TB","SP","32.6","22","2","0","4.97","1.47","18","36","12","5","12","3","2","0","0%"
"Matt Magill","MIN","RP","47.1","45","2","0","4.97","1.53","26","50","22","8","38","0","3","0","0%"
"Merandy Gonzalez","SF","SP,RP","47.1","33","2","0","4.81","1.56","25","52","22","7","19","6","3","0","0%"
"A.J. Cole","CLE","RP","51.3","48","3","0","4.96","1.47","28","54","21","9","24","4","3","0","0%"
"Max Povse","SEA","SP,RP","43.3","35","3","0","4.85","1.49","23","47","18","6","8","8","3","0","0%"
"Julian Fernandez","MIA","RP","20.5","16","1","0","5.05","1.66","12","21","13","3","22","0","1","0","0%"
"Odrisamer Despaigne","","SP,RP","56.7","41","3","0","4.82","1.52","30","63","23","8","27","7","3","0","0%"
"Jimmy Cordero","WSH","RP","26.8","22","1","0","4.89","1.61","15","27","16","4","28","0","2","0","0%"
"Eric Stout","SD","RP","42.2","29","2","0","4.70","1.49","22","46","17","5","35","1","3","0","0%"
"Wandy Peralta","CIN","RP","37.0","30","1","0","4.48","1.55","18","37","20","4","39","0","2","0","0%"
"Mark Leiter Jr.","TOR","RP","32.9","30","1","0","5.06","1.48","19","36","13","6","25","0","2","0","0%"
"Brian Johnson","BOS","SP,RP","59.3","49","3","0","4.64","1.42","31","61","23","10","14","8","3","0","0%"
"Matt Hall","DET","P","66.2","58","3","0","4.64","1.46","34","66","31","8","25","8","4","0","0%"
"C.D. Pelham","TEX","P","29.0","26","1","0","5.50","1.73","18","32","18","3","34","0","2","0","0%"
"Yency Almonte","COL","RP","33.9","27","2","0","5.34","1.55","20","38","15","6","16","4","2","0","0%"
"Glenn Sparkman","KC","SP,RP","47.2","32","2","0","4.96","1.51","26","58","13","7","23","4","3","0","0%"
"Alec Asher","COL","SP,RP","41.2","24","2","0","5.63","1.51","26","48","14","9","11","8","3","0","0%"
"Burch Smith","MIL","SP,RP","35.5","35","2","0","5.58","1.58","22","37","19","7","20","3","2","0",""
"Thyago Vieira","CWS","RP","30.3","28","2","0","5.34","1.54","18","31","16","4","26","0","2","0","0%"
"Randy Rosario","CHC","RP","39.3","28","2","1","4.65","1.56","20","42","19","4","36","0","2","0","0%"
"Drew Rucinski","","RP","37.3","27","2","0","4.50","1.38","19","39","12","4","28","0","2","0","0%"
"Tanner Rainey","WSH","SP,RP","28.5","33","2","0","4.97","1.61","16","24","22","4","29","0","2","0","0%"
"Bruce Rondon","","RP","29.6","36","2","0","5.10","1.62","17","27","21","3","35","0","2","0","0%"
"Ben Meyer","MIA","P","36.9","24","2","0","4.75","1.52","20","41","15","4","17","4","2","0","0%"
"Brandon Maurer","PIT","RP","30.8","29","2","0","5.06","1.55","17","32","16","4","34","0","2","0","0%"
"Marcus Walden","BOS","SP,RP","40.9","32","2","0","4.31","1.45","20","43","16","4","33","1","2","0","0%"
"Zac Reininger","DET","RP","37.0","30","2","0","5.00","1.46","21","40","14","6","37","0","2","0","0%"
"Jose Fernandez","DET","RP","28.6","24","1","0","5.15","1.59","16","29","17","4","29","0","2","0","0%"
"Pedro Araujo","BAL","RP","32.4","33","1","0","5.50","1.52","20","32","17","6","26","0","2","0","0%"
"Brian Duensing","CHC","RP","34.4","27","2","0","4.76","1.50","18","35","17","5","40","0","1","0","0%"
"Miguel Gonzalez","","SP","111.2","72","6","0","5.11","1.44","63","124","36","23","22","22","8","0","0%"
"Jordan Romano","TEX","RP","52.2","44","2","0","5.03","1.47","29","54","23","9","31","5","3","0","0%"
"Elieser Hernandez","MIA","SP,RP","47.2","36","2","0","5.78","1.61","30","56","20","10","33","3","4","0","0%"
"James Shields","","SP","121.0","94","6","0","5.10","1.43","69","123","50","24","20","20","8","0","1%"
"Alex McRae","PIT","SP,RP","55.1","36","3","0","5.23","1.58","32","64","23","7","13","7","4","0","0%"
"Mike Hauschild","TOR","RP","48.0","36","3","0","4.88","1.53","26","51","23","6","10","7","3","0","0%"
"Tyler Cloyd","TB","RP","55.4","36","3","0","5.77","1.48","36","66","16","12","14","8","4","0","0%"
"Harrison Musgrave","COL","SP,RP","36.6","29","2","0","5.57","1.56","23","40","17","7","27","2","2","0","0%"
"Brett Graves","MIA","SP,RP","49.4","32","2","0","5.64","1.56","31","57","21","8","20","4","3","0","0%"
"Miguel Castro","BAL","RP","68.7","47","3","1","4.61","1.49","35","67","35","8","52","0","4","0","0%"
"Mike Dunn","COL","RP","37.6","37","2","0","5.59","1.64","23","39","23","7","42","0","2","0","0%"
"David Hess","BAL","SP,RP","111.4","81","5","0","5.56","1.50","69","124","43","21","21","21","9","0","0%"
"Jason Hammel","TEX","SP","54.6","42","3","0","5.38","1.46","33","63","16","10","14","10","5","0","0%"
"Sandy Baez","DET","RP","38.4","28","1","0","5.94","1.60","25","43","18","9","24","3","2","0","0%"
"Brandon Cumpton","TOR","SP,RP","33.2","20","2","0","6.24","1.66","23","42","13","6","10","5","3","0",""
"Chris Volstad","","RP","57.8","29","3","0","5.45","1.48","35","70","15","8","16","8","4","0","0%"
"Ricardo Rodriguez","TEX","RP","35.6","30","2","0","4.52","1.35","18","38","11","6","27","1","2","0","0%"
"Jared Miller","ARI","SP,RP","39.7","46","2","0","5.23","1.81","23","36","36","7","36","0","2","0","0%"
"Miguel Almonte","LAA","SP,RP","40.1","35","2","0","4.98","1.52","22","41","20","9","28","5","3","0","0%"
"Mike Wright Jr.","BAL","RP","62.5","54","2","0","4.85","1.45","34","67","24","9","36","2","3","0","0%"
"Jaime Garcia","","SP","84.6","71","5","0","4.56","1.42","43","84","36","15","30","14","5","0","1%"
"Nick Neidert","MIA","SP","52.2","42","3","0","4.36","1.30","25","55","13","12","10","10","4","0","0%"
"Jose Suarez","LAA","SP","47.4","46","2","0","4.23","1.35","22","45","19","10","10","10","2","0","0%"
"Josh Sborz","LAD","SP","30.8","32","2","0","3.78","1.33","13","27","14","3","30","0","1","0","0%"
"Zac Gallen","MIA","SP","56.4","46","3","0","4.39","1.43","28","59","22","9","11","11","4","0","0%"
"Joel Payamps","ARI","P","53.2","44","3","0","4.67","1.37","28","56","16","11","22","6","3","0","0%"
"Dario Agrazal","PIT","SP,RP","54.5","30","3","0","4.51","1.36","27","63","11","12","15","10","4","0","0%"
"Nick Anderson","MIA","P","32.0","38","2","0","3.67","1.24","13","27","12","5","29","0","1","0","0%"
"Trey Supak","MIL","SP,RP","55.7","48","3","0","4.48","1.45","28","56","25","9","23","8","3","0","0%"
"Ryan Helsley","STL","SP","55.7","53","3","0","4.54","1.48","28","53","30","11","21","9","4","0","0%"
"Alex Meyer","LAA","SP,RP","43.5","44","3","0","4.55","1.48","22","41","24","5","11","8","3","0","0%"
"Nestor Cortes Jr.","NYY","SP,RP","64.2","51","4","0","4.84","1.45","35","68","26","10","22","9","4","0","0%"
"Pedro Avila","SD","SP","74.0","66","4","0","4.69","1.51","39","74","37","16","24","11","5","0","0%"
"Ian Anderson","ATL","SP","56.8","52","3","0","4.62","1.50","29","57","29","14","12","12","3","0","1%"
"Travis Lakins","BOS","SP","43.3","36","3","0","4.59","1.49","22","45","20","7","27","6","2","0","0%"
"Rob Whalen","","SP","61.4","44","4","0","4.84","1.46","33","66","24","8","13","12","5","0","0%"
"Cole Sulser","TB","RP","27.4","32","2","0","3.69","1.26","11","24","11","4","25","0","2","0","0%"
"Branden Kline","BAL","P","40.7","33","3","0","4.76","1.46","22","42","17","8","35","0","3","0","0%"
"Danny Barnes","TOR","RP","37.6","36","2","0","4.16","1.29","17","34","15","6","36","0","3","0","0%"
"Yadier Alvarez","LAD","SP","45.7","45","2","0","4.30","1.55","22","42","29","6","23","7","2","0","0%"
"Brandon Brennan","SEA","SP","29.6","25","1","0","4.28","1.43","14","29","13","3","26","0","1","0","0%"
"Peter Lambert","COL","SP","52.8","38","4","0","5.18","1.45","30","61","15","14","11","11","4","0","0%"
"Bobby Wahl","MIL","RP","26.4","36","2","0","3.97","1.37","12","21","15","4","28","0","2","0","0%"
"Arnaldo Hernandez","KC","P","72.2","44","4","0","4.92","1.46","39","81","25","16","25","11","5","0","0%"
"Jordan Guerrero","CWS","SP","79.2","59","5","0","4.95","1.53","44","87","34","10","16","16","6","0","0%"
"Jose Lopez","SF","3B,SP","45.6","39","2","0","4.87","1.46","25","48","18","10","13","7","3","0","0%"
"Jake Thompson","","SP,RP","56.6","45","3","0","4.96","1.50","31","58","27","12","21","7","4","0","0%"
"Drew Anderson","PHI","SP,RP","34.4","28","2","0","5.23","1.44","20","37","13","6","12","5","2","0","0%"
"Genesis Cabrera","STL","P","52.2","45","3","0","4.80","1.58","28","53","30","8","20","8","3","0","0%"
"Adonis Medina","PHI","SP","46.8","42","3","0","5.18","1.52","27","49","22","11","10","9","4","0","0%"
"Santiago Casilla","","RP","36.7","32","2","1","4.31","1.41","18","34","18","5","33","0","2","0","0%"
"Justin Steele","CHC","P","37.5","29","2","0","4.75","1.53","20","39","18","9","9","9","2","0","0%"
"Cal Quantrill","SD","SP","64.0","46","3","0","5.02","1.49","36","71","24","11","12","12","5","0","0%"
"Erik Goeddel","","RP","38.3","42","2","0","4.62","1.41","20","35","19","7","39","0","2","0","0%"
"Casey Lawrence","","RP","70.9","47","4","0","4.89","1.40","39","82","18","11","17","11","5","0","0%"
"Jimmy Herget","CIN","RP","32.7","34","1","0","4.30","1.38","16","31","14","5","29","0","1","0","0%"
"Patrick Weigel","ATL","SP","38.0","31","2","0","5.10","1.55","22","40","19","9","19","6","2","0","0%"
"Denyi Reyes","BOS","P","42.6","26","3","0","5.43","1.48","26","49","14","11","8","8","4","0","0%"
"J.T. Brubaker","PIT","P","50.0","36","2","0","5.00","1.51","28","56","20","10","10","10","4","0","0%"
"Dean Kremer","BAL","SP","82.9","82","4","0","5.16","1.57","48","89","42","14","17","17","7","0","0%"
"Emilio Vargas","ARI","SP","65.2","59","4","0","5.22","1.58","38","69","34","19","14","13","5","0","0%"
"Adbert Alzolay","CHC","SP","29.3","21","1","0","5.08","1.49","17","32","12","7","6","6","2","0","0%"
"Patrick Murphy","TOR","SP","76.5","53","4","0","5.07","1.54","43","82","36","16","25","13","5","0","0%"
"Oscar De La Cruz","CHC","SP","40.5","31","3","0","5.40","1.57","24","45","19","13","13","8","4","0","0%"
"Bryan Abreu","HOU","P","34.3","38","2","0","5.30","1.67","20","32","25","8","19","4","3","0","0%"
"James Bourque","WSH","RP","47.0","42","3","0","5.41","1.59","28","50","25","13","28","5","3","0","0%"
"Jacob Webb","ATL","P","31.2","34","2","0","4.65","1.52","16","29","19","5","30","0","2","0","0%"
"Matt Pierpont","COL","P","33.0","32","2","0","4.91","1.45","18","34","14","5","29","0","2","0","0%"
"Josh Taylor","BOS","RP","30.9","26","2","0","4.53","1.50","16","32","15","4","30","0","2","0","0%"
"Boone Logan","","RP","20.0","25","1","0","4.28","1.50","10","18","13","3","32","0","1","0","0%"
"Franklin Perez","DET","SP","31.0","20","2","0","5.40","1.59","19","35","14","8","8","8","2","0","0%"
"Rob Scahill","","RP","43.0","36","2","0","4.71","1.47","23","44","20","5","40","0","3","0","0%"
"Edgar Garcia","PHI","P","46.3","46","3","0","5.07","1.51","26","47","23","12","35","3","3","0","0%"
"Sam Wolff","SF","RP","22.4","24","1","0","4.33","1.49","11","20","13","4","20","0","2","0","0%"
"Neftali Feliz","","SP,RP","56.6","50","3","0","5.40","1.58","34","57","33","13","40","4","4","0","0%"
"Zack Weiss","MIN","RP","26.2","26","2","0","4.82","1.53","14","26","14","5","24","1","3","0","0%"
"Zack Burdi","CWS","RP","19.5","23","1","0","4.52","1.50","10","17","12","3","19","0","2","0","0%"
"Greg Infante","BAL","RP","29.3","24","1","0","4.60","1.43","15","30","12","4","28","0","2","0","0%"
"Zach Neal","","RP","62.4","33","3","0","5.34","1.33","37","74","10","12","20","8","4","0","0%"
"Drew Storen","KC","RP","23.3","18","1","0","4.73","1.39","12","25","8","3","23","0","1","0","0%"
"Bo Takahashi","ARI","P","60.0","49","3","0","5.68","1.51","38","67","23","24","13","13","4","0","0%"
"J.J. Hoover","WSH","RP","32.2","34","2","0","4.90","1.56","18","32","18","5","33","0","2","0","0%"
"Asher Wojciechowski","","SP,RP","56.0","50","3","0","5.87","1.51","37","64","21","14","14","10","4","0","0%"
"Justin Hancock","CHC","SP,RP","31.0","28","2","0","4.79","1.55","17","30","18","4","27","0","2","0","0%"
"Scott Copeland","WSH","SP,RP","65.2","44","4","0","5.32","1.59","39","74","30","10","19","11","5","0","0%"
"Warwick Saupold","","RP","57.5","37","3","0","4.76","1.51","30","64","23","10","33","5","3","0","0%"
"Vance Worley","","SP,RP","52.7","31","3","0","5.41","1.57","32","62","21","13","25","6","4","0","0%"
"Ricardo Sanchez","SEA","SP","42.8","29","2","0","5.26","1.65","25","48","23","10","10","10","3","0","0%"
"Jacob Turner","","RP","59.5","35","3","0","5.60","1.64","37","72","26","15","30","16","4","0","0%"
"Eddie Butler","","SP,RP","51.8","30","2","0","5.36","1.56","31","61","20","14","23","7","3","0","0%"
"Jean Carlos Mejia","CLE","P","56.5","42","3","0","4.99","1.54","31","60","27","11","24","7","4","0","0%"
"Darwinzon Hernandez","BOS","SP,RP","51.7","48","3","0","5.30","1.74","30","50","40","10","14","12","3","0","0%"
"Huascar Ynoa","ATL","P","61.8","55","5","0","5.41","1.75","37","64","45","13","24","12","6","0","0%"
"Blaine Boyer","","RP","33.0","22","2","0","5.07","1.54","19","37","14","5","30","0","2","0","0%"
"Bo Schultz","BAL","RP","27.2","19","1","0","4.96","1.51","15","30","12","4","24","0","1","0","0%"
"Scott Blewett","KC","SP","56.9","33","2","0","5.38","1.57","34","66","24","10","20","8","3","0","0%"
"Jeff Beliveau","CLE","RP","23.9","24","1","0","5.12","1.61","14","23","16","6","27","0","1","0","0%"
"Sam Hentges","CLE","P","61.8","49","3","0","5.37","1.66","37","66","37","14","23","11","4","0","0%"
"Eduardo Jimenez","DET","RP","32.2","22","2","0","5.16","1.60","18","35","17","4","28","0","2","0","0%"
"Luis Madero","LAA","P","53.3","32","3","0","5.34","1.49","32","62","18","17","12","12","4","0","0%"
"Phil Hughes","","RP","52.9","40","3","0","5.70","1.45","34","65","12","13","15","10","4","0","0%"
"Ronald Pena","WSH","SP","28.4","26","1","0","5.35","1.63","17","29","17","8","23","0","2","0","0%"
"Jose Valdez","","RP","35.4","34","2","0","5.47","1.67","22","35","24","5","29","0","3","0","0%"
"Yennsy Diaz","TOR","P","63.3","45","3","0","5.75","1.67","40","70","36","18","14","13","4","0","0%"
"Vicente Campos","PIT","SP,RP","37.2","25","2","0","5.63","1.67","23","43","19","12","13","6","3","0","0%"
"Justin Lawrence","COL","P","35.7","32","1","0","5.29","1.73","21","36","26","6","40","0","1","0","0%"
"Ian Clarkin","CHC","SP","50.2","27","3","0","5.89","1.77","33","58","30","12","24","7","3","0","0%"
"Braden Shipley","ARI","RP","50.4","33","3","0","5.89","1.61","33","59","23","13","20","10","3","0","0%"
"Rex Brothers","NYY","RP","31.2","37","3","0","6.07","2.02","21","28","36","4","36","0","3","0","0%"
"Jorge Guzman","MIA","SP","53.5","48","2","0","5.61","1.86","33","53","46","11","22","10","4","0","0%"
"Austin Bibens-Dirkx","","SP,RP","78.7","56","4","0","6.29","1.58","55","96","29","17","23","11","5","0","0%"
"Rafael Montero","TEX","SP,RP","64.7","53","3","0","6.26","1.76","45","77","38","11","24","9","5","0","0%"
"Marcos Diplan","MIL","SP","69.7","59","3","0","5.74","1.86","44","72","57","14","26","13","5","0","0%"
"William Cuevas","BOS","SP,RP","46.6","37","3","0","6.43","1.82","33","65","20","12","24","21","4","0","0%"
"Yoel Espinal","TEX","P","32.0","31","2","0","7.00","2.03","25","34","31","12","26","1","3","0","0%"
"Chris Tillman","","SP","97.5","64","5","0","6.60","1.72","72","118","50","18","22","22","8","0","0%"
"Daniel Corcino","LAD","SP,RP","58.0","52","3","0","4.50","1.44","29","57","27","8","20","8","3","0",""
""
""